{"frameRate":24,"name":"daduijiemian","version":"5.5","compatibleVersion":"5.5","armature":[{"type":"Armature","frameRate":24,"name":"daduijiemian","aabb":{"x":-1.01,"y":-5.11,"width":305.34,"height":422.57},"bone":[{"name":"daduijiemian","transform":{"x":321.2222,"y":206.7341}},{"length":26,"name":"shuzhi1","parent":"daduijiemian","transform":{"x":-320.5973,"y":-150.558,"skX":-58.3206,"skY":-58.3206}},{"name":"daduijiemian1","parent":"daduijiemian","transform":{"scX":-1}},{"length":24,"name":"shuzhi2","parent":"daduijiemian","transform":{"x":-320.4,"y":-131.65,"skX":-31.2637,"skY":-31.2637}},{"name":"bao211","parent":"shuzhi2","transform":{"x":15.1313,"y":193.9696,"skX":31.2637,"skY":31.2637}},{"name":"hua16","parent":"shuzhi1","transform":{"x":42.5439,"y":4.1184,"skX":58.3206,"skY":58.3206}},{"name":"hua15","parent":"shuzhi1","transform":{"x":83.8219,"y":44.92,"skX":58.3206,"skY":58.3206}},{"length":34,"name":"shuzhi3","parent":"shuzhi2","transform":{"x":8.3067,"y":10.3078,"skX":72.0618,"skY":72.0618}},{"name":"hua17","parent":"shuzhi1","transform":{"x":41.0997,"y":53.952,"skX":58.3206,"skY":58.3206}},{"name":"bao1","parent":"shuzhi2","transform":{"x":73.6796,"y":207.4646,"skX":31.2637,"skY":31.2637}},{"name":"bao2","parent":"shuzhi2","transform":{"x":-108.9457,"y":309.5033,"skX":31.2637,"skY":31.2637}},{"name":"bao","parent":"shuzhi2","transform":{"x":-4.8982,"y":280.4298,"skX":31.2637,"skY":31.2637}},{"name":"bao21","parent":"shuzhi2","transform":{"x":-63.3871,"y":296.5105,"skX":31.2637,"skY":31.2637}},{"name":"hua13","parent":"shuzhi1","transform":{"x":101.189,"y":130.8535,"skX":58.3206,"skY":58.3206}},{"name":"hua14","parent":"shuzhi1","transform":{"x":80.0866,"y":72.6658,"skX":58.3206,"skY":58.3206}},{"length":61,"name":"fu","parent":"shuzhi3","transform":{"x":82.3317,"y":-39.2925,"skX":60.8787,"skY":60.8787}},{"name":"hua5","parent":"shuzhi3","transform":{"x":124.1567,"y":-86.4886,"skX":139.2019,"skY":139.2019}},{"name":"hua10","parent":"shuzhi3","transform":{"x":123.6445,"y":-41.3976,"skX":-40.7981,"skY":-40.7981}},{"name":"hua11","parent":"shuzhi3","transform":{"x":140.387,"y":-126.4544,"skX":-40.7981,"skY":-40.7981}},{"name":"hua9","parent":"shuzhi3","transform":{"x":153.7816,"y":-41.4523,"skX":-40.7981,"skY":-40.7981}},{"name":"hua6","parent":"shuzhi3","transform":{"x":163.5321,"y":-109.5102,"skX":-40.7981,"skY":-40.7981}},{"length":42,"name":"shuzhi4","parent":"shuzhi3","transform":{"x":49.0781,"y":-10.2605,"skX":-36.3477,"skY":-36.3477}},{"name":"hua3","parent":"shuzhi3","transform":{"x":95.1303,"y":-96.2431,"skX":-40.7981,"skY":-40.7981}},{"name":"hua7","parent":"shuzhi3","transform":{"x":199.1642,"y":-125.0076,"skX":-40.7981,"skY":-40.7981}},{"name":"hua1","parent":"shuzhi3","transform":{"x":16.4792,"y":30.9538,"skX":-40.7981,"skY":-40.7981}},{"name":"hua4","parent":"shuzhi3","transform":{"x":230.6437,"y":-151.0553,"skX":-40.7981,"skY":-40.7981}},{"name":"hua8","parent":"shuzhi3","transform":{"x":203.7725,"y":-97.0175,"skX":-40.7981,"skY":-40.7981}},{"name":"hua2","parent":"shuzhi3","transform":{"x":76.2303,"y":-61.4365,"skX":-40.7981,"skY":-40.7981}},{"name":"hua12","parent":"shuzhi3","transform":{"x":145.1307,"y":-166.4132,"skX":-40.7981,"skY":-40.7981}},{"name":"pao2","parent":"fu","transform":{"x":174.3166,"y":23.7619,"skX":-101.6767,"skY":-101.6767}},{"name":"pao","parent":"fu","transform":{"x":141.069,"y":32.3328}},{"name":"pao31","parent":"fu","transform":{"x":221.9905,"y":-33.3692,"skX":-101.6767,"skY":-101.6767}},{"length":27,"name":"shuzhi5","parent":"shuzhi4","transform":{"x":61.3106,"y":-4.8237,"skX":-57.848,"skY":-57.848}},{"name":"pao312","parent":"fu","transform":{"x":182.7462,"y":-27.352,"skX":-101.6767,"skY":-101.6767}},{"name":"pao3121","parent":"fu","transform":{"x":205.7827,"y":-5.5634,"skX":-101.6767,"skY":-101.6767}},{"name":"xian","parent":"fu","transform":{"x":149.7651,"y":-3.3809,"skX":-101.6767,"skY":-101.6767}},{"length":33,"name":"shuzhi6","parent":"shuzhi4","transform":{"x":86.1036,"y":-7.8093,"skX":-43.7155,"skY":-43.7155}},{"name":"pao311","parent":"fu","transform":{"x":207.5702,"y":19.3912,"skX":-101.6767,"skY":-101.6767}},{"name":"pao1","parent":"fu","transform":{"x":141.8187,"y":-22.3144}},{"name":"bao_01","parent":"fu","transform":{"x":225.4133,"y":-7.0588,"skX":-101.6767,"skY":-101.6767,"scX":2,"scY":2}}],"slot":[{"name":"shuzhi1","parent":"shuzhi1"},{"blendMode":"add","name":"bao_01","parent":"bao_01"},{"name":"hua16","parent":"hua16"},{"name":"shuzhi2","parent":"shuzhi2"},{"name":"shuzhi3","parent":"shuzhi3"},{"name":"shuzhi4","parent":"shuzhi4"},{"name":"shuzhi5","parent":"shuzhi5"},{"name":"shuzhi6","parent":"shuzhi6"},{"name":"fu","parent":"fu"},{"name":"pao","parent":"pao2"},{"name":"hua9","parent":"hua9"},{"name":"hua8","parent":"hua8"},{"name":"hua7","parent":"hua7"},{"name":"hua6","parent":"hua6"},{"name":"hua5","parent":"hua5"},{"name":"hua4","parent":"hua4"},{"name":"hua3","parent":"hua3"},{"name":"hua2","parent":"hua2"},{"name":"hua17","parent":"hua17"},{"name":"hua15","parent":"hua15"},{"name":"hua14","parent":"hua14"},{"name":"hua13","parent":"hua13"},{"name":"hua12","parent":"hua12"},{"name":"hua11","parent":"hua11"},{"name":"hua10","parent":"hua10"},{"name":"hua1","parent":"hua1"},{"name":"pao1","parent":"pao1"},{"name":"pao2","parent":"pao"},{"name":"pao3","parent":"pao312"},{"name":"pao31","parent":"pao31"},{"name":"pao311","parent":"pao311"},{"name":"pao312","parent":"pao3121"},{"name":"xian","parent":"xian"},{"name":"bao","parent":"bao"},{"name":"bao1","parent":"bao1"},{"name":"bao2","parent":"bao2"},{"name":"bao21","parent":"bao21"},{"name":"bao211","parent":"bao211"}],"skin":[{"slot":[{"name":"bao_01","display":[{"name":"bao_01"},{"name":"bao_03"},{"name":"bao_05"},{"name":"bao_07"},{"name":"bao_09"},{"name":"bao_11"},{"name":"bao_13"},{"name":"bao_15"},{"name":"bao_14"},{"name":"bao_12"},{"name":"bao_10"},{"name":"bao_08"},{"name":"bao_06"},{"name":"bao_04"},{"name":"bao_02"}]},{"name":"shuzhi2","display":[{"name":"shuzhi2","transform":{"x":25.84,"y":9.91,"skX":31.26,"skY":31.26}}]},{"name":"pao31","display":[{"name":"pao","transform":{"x":-0.08,"y":0.7,"skX":9.85,"skY":9.85}}]},{"name":"hua5","display":[{"name":"hua5","transform":{"x":-0.3,"y":-0.66,"skX":180,"skY":180}}]},{"name":"hua3","display":[{"name":"hua3","transform":{"x":-0.67,"y":0.71}}]},{"name":"hua14","display":[{"name":"hua14","transform":{"x":1.2,"y":0.21}}]},{"name":"shuzhi1","display":[{"name":"shuzhi1","transform":{"x":62.28,"y":69.3,"skX":58.32,"skY":58.32}}]},{"name":"bao21","display":[{"name":"bao","transform":{"x":0.01,"y":0.29}}]},{"name":"hua7","display":[{"name":"hua7","transform":{"x":-0.19,"y":-0.44}}]},{"name":"xian","display":[{"name":"xian","transform":{"x":0.95,"y":1.54}}]},{"name":"hua13","display":[{"name":"hua13","transform":{"x":-0.77,"y":-2.08}}]},{"name":"shuzhi5","display":[{"name":"shuzhi5","transform":{"x":28.44,"y":0.83,"skX":53.4,"skY":53.4}}]},{"name":"hua1","display":[{"name":"hua1","transform":{"x":3.59}}]},{"name":"fu","display":[{"name":"fu","transform":{"x":59.1,"y":9.39,"skX":-101.68,"skY":-101.68}}]},{"name":"pao312","display":[{"name":"pao","transform":{"x":1.39,"y":0.81,"skX":33.62,"skY":33.62}}]},{"name":"bao211","display":[{"name":"bao","transform":{"y":1.24}}]},{"name":"hua12","display":[{"name":"hua12","transform":{"x":0.34,"y":-2.5}}]},{"name":"bao2","display":[{"name":"bao","transform":{"x":1.98,"y":0.78}}]},{"name":"pao3","display":[{"name":"pao","transform":{"x":1.16,"y":1.54,"skX":178.54,"skY":178.54}}]},{"name":"hua4","display":[{"name":"hua4","transform":{"x":0.76,"y":-0.57}}]},{"name":"hua16","display":[{"name":"hua16","transform":{"x":2.45,"y":-0.12}}]},{"name":"shuzhi4","display":[{"name":"shuzhi4","transform":{"x":103.78,"y":11.85,"skX":-4.45,"skY":-4.45}}]},{"name":"hua10","display":[{"name":"hua10","transform":{"x":-0.78,"y":3.47}}]},{"name":"hua11","display":[{"name":"hua11","transform":{"x":0.73,"y":2.37}}]},{"name":"pao311","display":[{"name":"pao","transform":{"x":0.06,"y":1.21,"skX":-116.35,"skY":-116.35}}]},{"name":"hua17","display":[{"name":"hua17","transform":{"x":-9.64,"y":2.4}}]},{"name":"hua15","display":[{"name":"hua15","transform":{"x":0.3,"y":1.96}}]},{"name":"bao1","display":[{"name":"bao","transform":{"x":-0.02,"y":0.75}}]},{"name":"pao2","display":[{"name":"pao","transform":{"x":-0.1,"y":0.39,"skX":-173.53,"skY":-173.53}}]},{"name":"pao1","display":[{"name":"pao","transform":{"x":0.48,"y":-0.62,"skX":-112.81,"skY":-112.81}}]},{"name":"hua2","display":[{"name":"hua2","transform":{"x":-0.02,"y":-1.4}}]},{"name":"pao","display":[{"name":"pao","transform":{"x":-0.21,"y":-0.55,"skX":-89.69,"skY":-89.69}}]},{"name":"shuzhi3","display":[{"name":"shuzhi3","transform":{"x":81.27,"y":-7.95,"skX":-40.8,"skY":-40.8}}]},{"name":"shuzhi6","display":[{"name":"shuzhi6","transform":{"x":57.15,"y":-0.99,"skX":39.27,"skY":39.27}}]},{"name":"hua9","display":[{"name":"hua9","transform":{"x":11.3,"y":8.56}}]},{"name":"hua8","display":[{"name":"hua8","transform":{"x":0.2,"y":0.26}}]},{"name":"hua6","display":[{"name":"hua6","transform":{"x":0.51,"y":-0.43}}]},{"name":"bao","display":[{"name":"bao","transform":{"x":0.51,"y":1.72}}]}]}],"animation":[{"duration":50,"playTimes":0,"name":"daduijiemian_chuxian","bone":[{"name":"shuzhi2","scaleFrame":[{"duration":6,"tweenEasing":0,"x":0.2,"y":0.2},{"duration":44}]},{"name":"shuzhi1","translateFrame":[{"duration":5},{"duration":6,"tweenEasing":0,"x":0.42,"y":7.93},{"duration":39}],"scaleFrame":[{"duration":5,"tweenEasing":0},{"duration":6,"tweenEasing":0,"x":0.2,"y":0.2},{"duration":39}]},{"name":"shuzhi3","translateFrame":[{"duration":5},{"duration":6,"tweenEasing":0,"x":-1.46,"y":-2.87},{"duration":39,"x":-0.39,"y":-0.23}],"scaleFrame":[{"duration":5,"tweenEasing":0},{"duration":6,"tweenEasing":0,"x":0.2,"y":0.2},{"duration":39}]},{"name":"shuzhi5","scaleFrame":[{"duration":16,"tweenEasing":0},{"duration":6,"tweenEasing":0,"x":0.2,"y":0.2},{"duration":28}]},{"name":"shuzhi4","translateFrame":[{"duration":10},{"duration":6,"tweenEasing":0,"x":-4.36,"y":4.83},{"duration":34}],"scaleFrame":[{"duration":10,"tweenEasing":0},{"duration":6,"tweenEasing":0,"x":0.2,"y":0.2},{"duration":34}]},{"name":"shuzhi6","scaleFrame":[{"duration":20,"tweenEasing":0},{"duration":6,"tweenEasing":0,"x":0.2,"y":0.2},{"duration":24}]},{"name":"fu","scaleFrame":[{"duration":15,"tweenEasing":0},{"duration":10,"tweenEasing":0,"x":0.2,"y":0.2},{"duration":25}]},{"name":"hua10","scaleFrame":[{"duration":11,"tweenEasing":0},{"duration":10,"tweenEasing":0,"x":0.2,"y":0.2},{"duration":29}]},{"name":"hua12","scaleFrame":[{"duration":28,"tweenEasing":0},{"duration":10,"tweenEasing":0,"x":0.2,"y":0.2},{"duration":12}]},{"name":"hua14","scaleFrame":[{"duration":15,"tweenEasing":0},{"duration":10,"tweenEasing":0,"x":0.2,"y":0.2},{"duration":25}]},{"name":"hua16","scaleFrame":[{"duration":10,"tweenEasing":0},{"duration":10,"tweenEasing":0,"x":0.2,"y":0.2},{"duration":30}]},{"name":"hua2","scaleFrame":[{"duration":15,"tweenEasing":0},{"duration":10,"tweenEasing":0,"x":0.2,"y":0.2},{"duration":25}]},{"name":"hua4","scaleFrame":[{"duration":21,"tweenEasing":0},{"duration":10,"tweenEasing":0,"x":0.2,"y":0.2},{"duration":19}]},{"name":"hua6","scaleFrame":[{"duration":15,"tweenEasing":0},{"duration":10,"tweenEasing":0,"x":0.2,"y":0.2},{"duration":25}]},{"name":"hua8","scaleFrame":[{"duration":16,"tweenEasing":0},{"duration":10,"tweenEasing":0,"x":0.2,"y":0.2},{"duration":24}]},{"name":"hua9","scaleFrame":[{"duration":13,"tweenEasing":0},{"duration":10,"tweenEasing":0,"x":0.2,"y":0.2},{"duration":27}]},{"name":"hua7","scaleFrame":[{"duration":18,"tweenEasing":0},{"duration":10,"tweenEasing":0,"x":0.2,"y":0.2},{"duration":22}]},{"name":"hua5","scaleFrame":[{"duration":16,"tweenEasing":0},{"duration":10,"tweenEasing":0,"x":0.2,"y":0.2},{"duration":24}]},{"name":"hua3","scaleFrame":[{"duration":21,"tweenEasing":0},{"duration":10,"tweenEasing":0,"x":0.2,"y":0.2},{"duration":19}]},{"name":"hua17","scaleFrame":[{"duration":12,"tweenEasing":0},{"duration":8,"tweenEasing":0,"x":0.2,"y":0.2},{"duration":30}]},{"name":"hua15","scaleFrame":[{"duration":13,"tweenEasing":0},{"duration":10,"tweenEasing":0,"x":0.2,"y":0.2},{"duration":27}]},{"name":"hua13","scaleFrame":[{"duration":18,"tweenEasing":0},{"duration":10,"tweenEasing":0,"x":0.2,"y":0.2},{"duration":22}]},{"name":"hua11","scaleFrame":[{"duration":26,"tweenEasing":0},{"duration":10,"tweenEasing":0,"x":0.2,"y":0.2},{"duration":14}]},{"name":"hua1","scaleFrame":[{"duration":6,"tweenEasing":0,"x":0.2,"y":0.2},{"duration":44}]},{"name":"bao2","scaleFrame":[{"duration":40,"tweenEasing":0},{"duration":5,"tweenEasing":0,"x":0.1,"y":0.1},{"duration":5}]},{"name":"bao","scaleFrame":[{"duration":35,"tweenEasing":0},{"duration":5,"tweenEasing":0,"x":0.1,"y":0.1},{"duration":10}]},{"name":"bao1","scaleFrame":[{"duration":25,"tweenEasing":0},{"duration":5,"tweenEasing":0,"x":0.1,"y":0.1},{"duration":20}]},{"name":"bao21","scaleFrame":[{"duration":30,"tweenEasing":0},{"duration":5,"tweenEasing":0,"x":0.1,"y":0.1},{"duration":15}]}],"slot":[{"name":"shuzhi1","colorFrame":[{"duration":5,"tweenEasing":0,"value":{"aM":0}},{"duration":6,"tweenEasing":0,"value":{"aM":0}},{"duration":39}]},{"name":"shuzhi2","colorFrame":[{"duration":6,"tweenEasing":0,"value":{"aM":0}},{"duration":44}]},{"name":"shuzhi3","colorFrame":[{"duration":5,"tweenEasing":0,"value":{"aM":0}},{"duration":6,"tweenEasing":0,"value":{"aM":0}},{"duration":39}]},{"name":"shuzhi4","colorFrame":[{"duration":10,"tweenEasing":0,"value":{"aM":0}},{"duration":6,"tweenEasing":0,"value":{"aM":0}},{"duration":34}]},{"name":"shuzhi5","colorFrame":[{"duration":16,"tweenEasing":0,"value":{"aM":0}},{"duration":6,"tweenEasing":0,"value":{"aM":0}},{"duration":28}]},{"name":"shuzhi6","colorFrame":[{"duration":20,"tweenEasing":0,"value":{"aM":0}},{"duration":6,"tweenEasing":0,"value":{"aM":0}},{"duration":24}]},{"name":"fu","colorFrame":[{"duration":15,"tweenEasing":0,"value":{"aM":0}},{"duration":10,"tweenEasing":0,"value":{"aM":0}},{"duration":25}]},{"name":"pao","colorFrame":[{"duration":28,"tweenEasing":0,"value":{"aM":0}},{"duration":10,"tweenEasing":0,"value":{"aM":0}},{"duration":12}]},{"name":"hua9","colorFrame":[{"duration":13,"tweenEasing":0,"value":{"aM":0}},{"duration":10,"tweenEasing":0,"value":{"aM":0}},{"duration":27}]},{"name":"hua8","colorFrame":[{"duration":16,"tweenEasing":0,"value":{"aM":0}},{"duration":10,"tweenEasing":0,"value":{"aM":0}},{"duration":24}]},{"name":"hua7","colorFrame":[{"duration":18,"tweenEasing":0,"value":{"aM":0}},{"duration":10,"tweenEasing":0,"value":{"aM":0}},{"duration":22}]},{"name":"hua6","colorFrame":[{"duration":15,"tweenEasing":0,"value":{"aM":0}},{"duration":10,"tweenEasing":0,"value":{"aM":0}},{"duration":25}]},{"name":"hua5","colorFrame":[{"duration":16,"tweenEasing":0,"value":{"aM":0}},{"duration":10,"tweenEasing":0,"value":{"aM":0}},{"duration":24}]},{"name":"hua4","colorFrame":[{"duration":21,"tweenEasing":0,"value":{"aM":0}},{"duration":10,"tweenEasing":0,"value":{"aM":0}},{"duration":19}]},{"name":"hua3","colorFrame":[{"duration":21,"tweenEasing":0,"value":{"aM":0}},{"duration":10,"tweenEasing":0,"value":{"aM":0}},{"duration":19}]},{"name":"hua2","colorFrame":[{"duration":15,"tweenEasing":0,"value":{"aM":0}},{"duration":10,"tweenEasing":0,"value":{"aM":0}},{"duration":25}]},{"name":"hua17","colorFrame":[{"duration":12,"tweenEasing":0,"value":{"aM":0}},{"duration":8,"tweenEasing":0,"value":{"aM":0}},{"duration":30}]},{"name":"hua16","colorFrame":[{"duration":10,"tweenEasing":0,"value":{"aM":0}},{"duration":10,"tweenEasing":0,"value":{"aM":0}},{"duration":30}]},{"name":"hua15","colorFrame":[{"duration":13,"tweenEasing":0,"value":{"aM":0}},{"duration":10,"tweenEasing":0,"value":{"aM":0}},{"duration":27}]},{"name":"hua14","colorFrame":[{"duration":15,"tweenEasing":0,"value":{"aM":0}},{"duration":10,"tweenEasing":0,"value":{"aM":0}},{"duration":25,"value":{"aM":83}}]},{"name":"hua13","colorFrame":[{"duration":18,"tweenEasing":0,"value":{"aM":0}},{"duration":10,"tweenEasing":0,"value":{"aM":0}},{"duration":22,"value":{"aM":94}}]},{"name":"hua12","colorFrame":[{"duration":28,"tweenEasing":0,"value":{"aM":0}},{"duration":10,"tweenEasing":0,"value":{"aM":0}},{"duration":12}]},{"name":"hua11","colorFrame":[{"duration":26,"tweenEasing":0,"value":{"aM":0}},{"duration":10,"tweenEasing":0,"value":{"aM":0}},{"duration":14}]},{"name":"hua10","colorFrame":[{"duration":11,"tweenEasing":0,"value":{"aM":0}},{"duration":10,"tweenEasing":0,"value":{"aM":0}},{"duration":29}]},{"name":"hua1","colorFrame":[{"duration":6,"tweenEasing":0,"value":{"aM":0}},{"duration":44}]},{"name":"pao1","colorFrame":[{"duration":25,"tweenEasing":0,"value":{"aM":0}},{"duration":10,"tweenEasing":0,"value":{"aM":0}},{"duration":15}]},{"name":"pao2","colorFrame":[{"duration":25,"tweenEasing":0,"value":{"aM":0}},{"duration":10,"tweenEasing":0,"value":{"aM":0}},{"duration":15}]},{"name":"pao3","colorFrame":[{"duration":28,"tweenEasing":0,"value":{"aM":0}},{"duration":10,"tweenEasing":0,"value":{"aM":0}},{"duration":12}]},{"name":"pao31","colorFrame":[{"duration":32,"tweenEasing":0,"value":{"aM":0}},{"duration":10,"tweenEasing":0,"value":{"aM":0}},{"duration":8}]},{"name":"pao311","colorFrame":[{"duration":32,"tweenEasing":0,"value":{"aM":0}},{"duration":10,"tweenEasing":0,"value":{"aM":0}},{"duration":8}]},{"name":"pao312","colorFrame":[{"duration":30,"tweenEasing":0,"value":{"aM":0}},{"duration":10,"tweenEasing":0,"value":{"aM":0}},{"duration":10}]},{"name":"xian","colorFrame":[{"duration":26,"tweenEasing":0,"value":{"aM":0}},{"duration":10,"tweenEasing":0,"value":{"aM":0}},{"duration":14}]},{"name":"bao","colorFrame":[{"duration":35,"tweenEasing":0,"value":{"aM":0}},{"duration":5,"tweenEasing":0,"value":{"aM":0}},{"duration":5,"tweenEasing":0},{"duration":5,"value":{"aM":0}}]},{"name":"bao1","colorFrame":[{"duration":25,"tweenEasing":0,"value":{"aM":0}},{"duration":5,"tweenEasing":0,"value":{"aM":0}},{"duration":5,"tweenEasing":0},{"duration":15,"value":{"aM":0}}]},{"name":"bao2","colorFrame":[{"duration":40,"tweenEasing":0,"value":{"aM":0}},{"duration":5,"tweenEasing":0,"value":{"aM":0}},{"duration":5,"tweenEasing":0},{"duration":0,"value":{"aM":0}}]},{"name":"bao21","colorFrame":[{"duration":30,"tweenEasing":0,"value":{"aM":0}},{"duration":5,"tweenEasing":0,"value":{"aM":0}},{"duration":5,"tweenEasing":0},{"duration":10,"value":{"aM":0}}]},{"name":"bao211","colorFrame":[{"duration":50,"value":{"aM":0}}]},{"name":"bao_01","displayFrame":[{"duration":50,"value":-1}]}]},{"duration":80,"playTimes":0,"name":"daduijiemian_xuanhuan","bone":[{"name":"shuzhi1","rotateFrame":[{"duration":40,"tweenEasing":0},{"duration":40,"tweenEasing":0,"rotate":1.82},{"duration":0}]},{"name":"shuzhi3","translateFrame":[{"duration":80,"x":-0.39,"y":-0.23}],"rotateFrame":[{"duration":40,"tweenEasing":0},{"duration":40,"tweenEasing":0,"rotate":-0.98},{"duration":0}]},{"name":"fu","rotateFrame":[{"duration":40,"tweenEasing":0},{"duration":40,"tweenEasing":0,"rotate":-3.51},{"duration":0}]},{"name":"bao211","scaleFrame":[{"duration":30,"tweenEasing":0},{"duration":5,"tweenEasing":0,"x":0.01,"y":0.01},{"duration":45}]},{"name":"bao2","scaleFrame":[{"duration":40,"tweenEasing":0},{"duration":5,"tweenEasing":0,"x":0.01,"y":0.01},{"duration":35}]},{"name":"bao","scaleFrame":[{"duration":10,"tweenEasing":0},{"duration":5,"tweenEasing":0,"x":0.01,"y":0.01},{"duration":65}]},{"name":"bao1","scaleFrame":[{"duration":5,"tweenEasing":0,"x":0.01,"y":0.01},{"duration":75}]},{"name":"bao21","scaleFrame":[{"duration":20,"tweenEasing":0},{"duration":5,"tweenEasing":0,"x":0.01,"y":0.01},{"duration":55}]}],"slot":[{"name":"bao","colorFrame":[{"duration":10,"tweenEasing":0,"value":{"aM":0}},{"duration":5,"tweenEasing":0,"value":{"aM":0}},{"duration":5,"tweenEasing":0},{"duration":60,"value":{"aM":0}}]},{"name":"bao1","colorFrame":[{"duration":5,"tweenEasing":0,"value":{"aM":0}},{"duration":5,"tweenEasing":0},{"duration":70,"value":{"aM":0}}]},{"name":"bao2","colorFrame":[{"duration":40,"tweenEasing":0,"value":{"aM":0}},{"duration":5,"tweenEasing":0,"value":{"aM":0}},{"duration":5,"tweenEasing":0},{"duration":30,"value":{"aM":0}}]},{"name":"bao21","colorFrame":[{"duration":20,"tweenEasing":0,"value":{"aM":0}},{"duration":5,"tweenEasing":0,"value":{"aM":0}},{"duration":5,"tweenEasing":0},{"duration":50,"value":{"aM":0}}]},{"name":"bao211","colorFrame":[{"duration":30,"tweenEasing":0,"value":{"aM":0}},{"duration":5,"tweenEasing":0,"value":{"aM":0}},{"duration":5,"tweenEasing":0},{"duration":40,"value":{"aM":0}}]},{"name":"bao_01","displayFrame":[{"duration":3},{"duration":2,"value":14},{"duration":3,"value":1},{"duration":3,"value":13},{"duration":2,"value":2},{"duration":3,"value":12},{"duration":3,"value":3},{"duration":2,"value":11},{"duration":3,"value":4},{"duration":3,"value":10},{"duration":2,"value":5},{"duration":3,"value":9},{"duration":3,"value":6},{"duration":2,"value":8},{"duration":3,"value":7},{"duration":3},{"duration":2,"value":14},{"duration":3,"value":1},{"duration":2,"value":13},{"duration":3,"value":2},{"duration":3,"value":12},{"duration":2,"value":3},{"duration":3,"value":11},{"duration":3,"value":4},{"duration":2,"value":10},{"duration":3,"value":5},{"duration":3,"value":9},{"duration":2,"value":6},{"duration":3,"value":8},{"duration":3,"value":7}]}]}],"defaultActions":[{"gotoAndPlay":"daduijiemian_chuxian"}]}]}