{"width":512,"imagePath":"daduijiemian_tex.png","height":512,"name":"daduijiemian","SubTexture":[{"width":184,"y":63,"height":61,"name":"shuzhi1","x":165},{"frameHeight":104,"y":318,"frameX":-27,"width":57,"frameY":-28,"height":57,"name":"bao_02","frameWidth":114,"x":394},{"frameHeight":104,"y":127,"frameX":-24,"width":70,"frameY":-18,"height":68,"name":"bao_11","frameWidth":114,"x":431},{"frameHeight":104,"y":318,"frameX":-27,"width":55,"frameY":-29,"height":57,"name":"bao_04","frameWidth":114,"x":453},{"frameHeight":104,"y":199,"frameX":-28,"width":63,"frameY":-23,"height":62,"name":"bao_09","frameWidth":114,"x":266},{"frameHeight":104,"y":127,"frameX":-27,"width":86,"frameY":-29,"height":59,"name":"bao_07","frameWidth":114,"x":343},{"frameHeight":104,"y":197,"frameX":-27,"width":86,"frameY":-29,"height":53,"name":"bao_06","frameWidth":114,"x":416},{"frameHeight":104,"y":255,"frameX":-27,"width":57,"frameY":-27,"height":59,"name":"bao_05","frameWidth":114,"x":331},{"frameHeight":104,"y":200,"frameX":-28,"width":62,"frameY":-27,"height":57,"name":"bao_08","frameWidth":114,"x":189},{"frameHeight":104,"y":261,"frameX":-27,"width":57,"frameY":-28,"height":51,"name":"bao_03","frameWidth":114,"x":80},{"frameHeight":104,"y":259,"frameX":-27,"width":57,"frameY":-29,"height":49,"name":"bao_01","frameWidth":114,"x":139},{"frameHeight":104,"y":188,"frameX":-21,"width":71,"frameY":-21,"height":65,"name":"bao_10","frameWidth":114,"x":343},{"frameHeight":104,"y":126,"frameX":-23,"width":75,"frameY":-17,"height":71,"name":"bao_12","frameWidth":114,"x":266},{"frameHeight":104,"y":192,"frameX":-20,"width":77,"frameY":-15,"height":74,"name":"bao_14","frameWidth":114,"x":1},{"frameHeight":104,"y":126,"frameX":-18,"width":80,"frameY":-14,"height":76,"name":"bao_15","frameWidth":114,"x":107},{"frameHeight":104,"y":126,"frameX":-21,"width":75,"frameY":-16,"height":72,"name":"bao_13","frameWidth":114,"x":189},{"width":58,"y":259,"height":44,"name":"hua16","x":198},{"width":55,"y":305,"height":39,"name":"shuzhi2","x":198},{"width":162,"y":1,"height":106,"name":"shuzhi3","x":1},{"width":232,"y":1,"height":60,"name":"shuzhi4","x":165},{"width":55,"y":263,"height":46,"name":"shuzhi5","x":258},{"width":104,"y":109,"height":81,"name":"shuzhi6","x":1},{"width":101,"y":1,"height":124,"name":"fu","x":399},{"width":54,"y":252,"height":64,"name":"pao","x":416},{"width":61,"y":316,"height":55,"name":"hua9","x":331},{"width":23,"y":346,"height":30,"name":"hua8","x":212},{"width":35,"y":310,"height":40,"name":"hua7","x":139},{"width":28,"y":341,"height":29,"name":"hua6","x":300},{"width":14,"y":294,"height":18,"name":"hua5","x":394},{"width":34,"y":346,"height":29,"name":"hua4","x":176},{"width":35,"y":373,"height":36,"name":"hua3","x":300},{"width":35,"y":373,"height":32,"name":"hua2","x":337},{"width":54,"y":204,"height":55,"name":"hua17","x":80},{"width":43,"y":341,"height":31,"name":"hua15","x":255},{"width":22,"y":374,"height":30,"name":"hua14","x":237},{"width":54,"y":268,"height":52,"name":"hua13","x":1},{"width":37,"y":252,"height":43,"name":"hua12","x":472},{"width":62,"y":311,"height":28,"name":"hua11","x":255},{"width":46,"y":204,"height":41,"name":"hua10","x":136},{"width":20,"y":255,"height":37,"name":"hua1","x":394},{"width":16,"y":346,"height":21,"name":"xian","x":237},{"width":35,"y":63,"height":41,"name":"bao","x":351}]}