{"frameRate":24,"name":"jinbangtiming","version":"5.5","compatibleVersion":"5.5","armature":[{"type":"Armature","frameRate":24,"name":"jinbangtiming","aabb":{"x":-63.36,"y":-147.26,"width":114,"height":196.27},"bone":[{"name":"jinbangtiming"},{"length":143,"name":"jbtm_11","parent":"jinbangtiming","transform":{"x":-0.4,"y":-144.2257,"skX":89.8407,"skY":89.8407}},{"name":"jbtm_15","parent":"jinbangtiming","transform":{"x":-0.2069,"y":1.3035}}],"slot":[{"name":"jbtm_1","parent":"jbtm_11"},{"blendMode":"add","name":"jbtm_15","parent":"jbtm_15"}],"skin":[{"slot":[{"name":"jbtm_15","display":[{"name":"jbtm_15","transform":{"x":-6.15,"y":-4.3}},{"name":"jbtm_03","transform":{"x":-6.15,"y":-4.3}},{"name":"jbtm_01","transform":{"x":-6.15,"y":-4.3}},{"name":"jbtm_02","transform":{"x":-6.15,"y":-4.3}},{"name":"jbtm_04","transform":{"x":-6.15,"y":-4.3}},{"name":"jbtm_06","transform":{"x":-6.15,"y":-4.3}},{"name":"jbtm_08","transform":{"x":-6.15,"y":-4.3}},{"name":"jbtm_10","transform":{"x":-6.15,"y":-4.3}},{"name":"jbtm_12","transform":{"x":-6.15,"y":-4.3}},{"name":"jbtm_13","transform":{"x":-6.15,"y":-4.3}},{"name":"jbtm_11","transform":{"x":-6.15,"y":-4.3}},{"name":"jbtm_09","transform":{"x":-6.15,"y":-4.3}},{"name":"jbtm_07","transform":{"x":-6.15,"y":-4.3}},{"name":"jbtm_05","transform":{"x":-6.15,"y":-4.3}},{"name":"jbtm_14","transform":{"x":-6.15,"y":-4.3}}]},{"name":"jbtm_1","display":[{"name":"jbtm_1","transform":{"x":65.97,"y":-0.44,"skX":-89.84,"skY":-89.84}}]}]}],"animation":[{"duration":30,"playTimes":0,"name":"jinbangtiming","slot":[{"name":"jbtm_15","displayFrame":[{"duration":2,"value":2},{"duration":2,"value":3},{"duration":2,"value":1},{"duration":2,"value":4},{"duration":2,"value":13},{"duration":2,"value":5},{"duration":2,"value":12},{"duration":2,"value":6},{"duration":2,"value":11},{"duration":2,"value":7},{"duration":2,"value":10},{"duration":2,"value":8},{"duration":2,"value":9},{"duration":2,"value":14},{"duration":2}]}]}],"defaultActions":[{"gotoAndPlay":"jinbangtiming"}]}]}