{"width":512,"imagePath":"jinbangtiming_tex.png","height":256,"name":"jinbangtiming","SubTexture":[{"width":45,"y":1,"height":138,"name":"jbtm_1","x":1},{"frameHeight":104,"y":151,"frameX":-27,"width":86,"frameY":-29,"height":59,"name":"jbtm_07","frameWidth":114,"x":83},{"frameHeight":104,"y":199,"frameX":-27,"width":57,"frameY":-29,"height":49,"name":"jbtm_01","frameWidth":114,"x":230},{"frameHeight":104,"y":141,"frameX":-18,"width":80,"frameY":-14,"height":76,"name":"jbtm_15","frameWidth":114,"x":1},{"frameHeight":104,"y":1,"frameX":-23,"width":75,"frameY":-17,"height":71,"name":"jbtm_12","frameWidth":114,"x":127},{"frameHeight":104,"y":1,"frameX":-20,"width":77,"frameY":-15,"height":74,"name":"jbtm_14","frameWidth":114,"x":48},{"frameHeight":104,"y":77,"frameX":-21,"width":75,"frameY":-16,"height":72,"name":"jbtm_13","frameWidth":114,"x":83},{"frameHeight":104,"y":144,"frameX":-27,"width":86,"frameY":-29,"height":53,"name":"jbtm_06","frameWidth":114,"x":171},{"frameHeight":104,"y":193,"frameX":-27,"width":55,"frameY":-29,"height":57,"name":"jbtm_04","frameWidth":114,"x":356},{"frameHeight":104,"y":74,"frameX":-24,"width":70,"frameY":-18,"height":68,"name":"jbtm_11","frameWidth":114,"x":160},{"frameHeight":104,"y":1,"frameX":-28,"width":62,"frameY":-27,"height":57,"name":"jbtm_08","frameWidth":114,"x":277},{"frameHeight":104,"y":199,"frameX":-27,"width":57,"frameY":-28,"height":51,"name":"jbtm_03","frameWidth":114,"x":171},{"frameHeight":104,"y":193,"frameX":-27,"width":57,"frameY":-28,"height":57,"name":"jbtm_02","frameWidth":114,"x":297},{"frameHeight":104,"y":1,"frameX":-21,"width":71,"frameY":-21,"height":65,"name":"jbtm_10","frameWidth":114,"x":204},{"frameHeight":104,"y":68,"frameX":-28,"width":63,"frameY":-23,"height":62,"name":"jbtm_09","frameWidth":114,"x":232},{"frameHeight":104,"y":132,"frameX":-27,"width":57,"frameY":-27,"height":59,"name":"jbtm_05","frameWidth":114,"x":259}]}