{"file":"newIdiom.png","frames":{
"bang":{"x":1133,"y":554,"w":74,"h":74,"offX":0,"offY":0,"sourceW":74,"sourceH":74},
"bg":{"x":457,"y":4,"w":445,"h":537,"offX":0,"offY":0,"sourceW":445,"sourceH":537},
"close":{"x":895,"y":636,"w":47,"h":50,"offX":0,"offY":0,"sourceW":47,"sourceH":50},
"closeRank":{"x":2007,"y":208,"w":25,"h":25,"offX":0,"offY":0,"sourceW":25,"sourceH":25},
"congratulations":{"x":1521,"y":102,"w":291,"h":69,"offX":0,"offY":0,"sourceW":291,"sourceH":69},
"eaves":{"x":910,"y":373,"w":578,"h":173,"offX":0,"offY":0,"sourceW":578,"sourceH":173},
"friendRank":{"x":1521,"y":179,"w":235,"h":80,"offX":0,"offY":0,"sourceW":235,"sourceH":80},
"friendRankWord":{"x":744,"y":631,"w":88,"h":29,"offX":0,"offY":0,"sourceW":88,"sourceH":29},
"fu":{"x":840,"y":636,"w":47,"h":50,"offX":0,"offY":0,"sourceW":47,"sourceH":50},
"getMoney":{"x":671,"y":631,"w":65,"h":44,"offX":0,"offY":0,"sourceW":65,"sourceH":44},
"getMoneyBg":{"x":1319,"y":596,"w":120,"h":35,"offX":0,"offY":0,"sourceW":120,"sourceH":35},
"getRed":{"x":1731,"y":517,"w":107,"h":114,"offX":0,"offY":0,"sourceW":107,"sourceH":114},
"goOn":{"x":1970,"y":132,"w":70,"h":34,"offX":0,"offY":0,"sourceW":70,"sourceH":34},
"guan":{"x":641,"y":549,"w":74,"h":74,"offX":0,"offY":0,"sourceW":74,"sourceH":74},
"help":{"x":1496,"y":517,"w":227,"h":57,"offX":0,"offY":0,"sourceW":227,"sourceH":57},
"hook":{"x":1106,"y":636,"w":39,"h":37,"offX":0,"offY":0,"sourceW":39,"sourceH":37},
"jin":{"x":477,"y":549,"w":74,"h":74,"offX":0,"offY":0,"sourceW":74,"sourceH":74},
"ju":{"x":395,"y":549,"w":74,"h":74,"offX":0,"offY":0,"sourceW":74,"sourceH":74},
"ke":{"x":313,"y":549,"w":74,"h":74,"offX":0,"offY":0,"sourceW":74,"sourceH":74},
"lu":{"x":231,"y":549,"w":74,"h":74,"offX":0,"offY":0,"sourceW":74,"sourceH":74},
"ming":{"x":1051,"y":554,"w":74,"h":74,"offX":0,"offY":0,"sourceW":74,"sourceH":74},
"musicClose":{"x":1960,"y":603,"w":60,"h":53,"offX":0,"offY":0,"sourceW":60,"sourceH":53},
"musicOppen":{"x":1625,"y":582,"w":60,"h":53,"offX":0,"offY":0,"sourceW":60,"sourceH":53},
"netxButtn":{"x":1764,"y":267,"w":235,"h":80,"offX":0,"offY":0,"sourceW":235,"sourceH":80},
"nextWord":{"x":1846,"y":603,"w":106,"h":33,"offX":0,"offY":0,"sourceW":106,"sourceH":33},
"popularization":{"x":1215,"y":554,"w":96,"h":53,"offX":0,"offY":0,"sourceW":96,"sourceH":53},
"qia":{"x":887,"y":554,"w":74,"h":74,"offX":0,"offY":0,"sourceW":74,"sourceH":74},
"rankBg":{"x":1521,"y":4,"w":390,"h":90,"offX":0,"offY":0,"sourceW":390,"sourceH":90},
"redBg":{"x":364,"y":631,"w":241,"h":9,"offX":0,"offY":0,"sourceW":241,"sourceH":9},
"redBox":{"x":613,"y":631,"w":50,"h":60,"offX":0,"offY":0,"sourceW":50,"sourceH":60},
"redBox1":{"x":950,"y":636,"w":44,"h":49,"offX":0,"offY":0,"sourceW":44,"sourceH":49},
"right":{"x":1496,"y":413,"w":205,"h":70,"offX":0,"offY":0,"sourceW":205,"sourceH":70},
"roudWord":{"x":238,"y":631,"w":118,"h":28,"offX":0,"offY":0,"sourceW":118,"sourceH":28},
"roundBg":{"x":1896,"y":433,"w":108,"h":120,"offX":0,"offY":0,"sourceW":108,"sourceH":120},
"roundButtn":{"x":1764,"y":179,"w":235,"h":80,"offX":0,"offY":0,"sourceW":235,"sourceH":80},
"roundLock":{"x":1919,"y":4,"w":108,"h":120,"offX":0,"offY":0,"sourceW":108,"sourceH":120},
"roundNext":{"x":1215,"y":615,"w":50,"h":62,"offX":0,"offY":0,"sourceW":50,"sourceH":62},
"shareFriend":{"x":1820,"y":132,"w":142,"h":34,"offX":0,"offY":0,"sourceW":142,"sourceH":34},
"sharePk":{"x":1319,"y":554,"w":142,"h":34,"offX":0,"offY":0,"sourceW":142,"sourceH":34},
"showAnswerButtn":{"x":1521,"y":267,"w":235,"h":80,"offX":0,"offY":0,"sourceW":235,"sourceH":80},
"showAnswerWord":{"x":112,"y":631,"w":118,"h":28,"offX":0,"offY":0,"sourceW":118,"sourceH":28},
"star":{"x":1002,"y":636,"w":46,"h":45,"offX":0,"offY":0,"sourceW":46,"sourceH":45},
"starBg":{"x":1056,"y":636,"w":42,"h":41,"offX":0,"offY":0,"sourceW":42,"sourceH":41},
"starBgBig":{"x":1521,"y":355,"w":285,"h":50,"offX":0,"offY":0,"sourceW":285,"sourceH":50},
"subject":{"x":910,"y":4,"w":603,"h":361,"offX":0,"offY":0,"sourceW":603,"sourceH":361},
"subjectBg":{"x":1547,"y":582,"w":70,"h":70,"offX":0,"offY":0,"sourceW":70,"sourceH":70},
"subjectBg1":{"x":1469,"y":582,"w":70,"h":70,"offX":0,"offY":0,"sourceW":70,"sourceH":70},
"subjectNumber":{"x":1709,"y":433,"w":179,"h":76,"offX":0,"offY":0,"sourceW":179,"sourceH":76},
"ti":{"x":723,"y":549,"w":74,"h":74,"offX":0,"offY":0,"sourceW":74,"sourceH":74},
"unlock":{"x":112,"y":549,"w":111,"h":56,"offX":0,"offY":0,"sourceW":111,"sourceH":56},
"videoIcon":{"x":2007,"y":174,"w":27,"h":26,"offX":0,"offY":0,"sourceW":27,"sourceH":26},
"wrong":{"x":1814,"y":355,"w":205,"h":70,"offX":0,"offY":0,"sourceW":205,"sourceH":70},
"xi":{"x":805,"y":549,"w":74,"h":74,"offX":0,"offY":0,"sourceW":74,"sourceH":74},
"you":{"x":559,"y":549,"w":74,"h":74,"offX":0,"offY":0,"sourceW":74,"sourceH":74},
"zhi":{"x":969,"y":554,"w":74,"h":74,"offX":0,"offY":0,"sourceW":74,"sourceH":74},
"again":{"x":1846,"y":561,"w":141,"h":34,"offX":0,"offY":0,"sourceW":141,"sourceH":34},
"answer":{"x":4,"y":549,"w":100,"h":100,"offX":0,"offY":0,"sourceW":100,"sourceH":100},
"keju":{"x":4,"y":4,"w":445,"h":537,"offX":0,"offY":0,"sourceW":445,"sourceH":537}}}