{"frameRate":24,"name":"zhujiemian","version":"5.5","compatibleVersion":"5.5","armature":[{"type":"Armature","frameRate":24,"name":"zhujiemian","aabb":{"x":-101.93,"y":-109.71,"width":189.56,"height":202.01},"bone":[{"name":"zhujiemian"},{"length":53,"name":"denglong1","parent":"zhujiemian","transform":{"x":20.95,"y":-93.25,"skX":89.7876,"skY":89.7876}},{"length":53,"name":"denglong2","parent":"zhujiemian","transform":{"x":-36.7217,"y":-100.911,"skX":89.7876,"skY":89.7876,"scX":0.73,"scY":0.73}},{"length":78,"name":"dl__0003_denglong","parent":"denglong1","transform":{"x":58.5996,"y":0.2172,"skX":0.0659,"skY":0.0659}},{"length":78,"name":"dl__0003_denglong1","parent":"denglong2","transform":{"x":58.5996,"y":0.2172,"skX":0.0659,"skY":0.0659}},{"length":24,"name":"dl__0000_jie3","parent":"denglong1","transform":{"x":157.8989,"y":0.5854,"skX":-0.5945,"skY":-0.5945}},{"length":24,"name":"dl__0000_jie31","parent":"denglong1","transform":{"x":146.3825,"y":-24.6728,"skX":-0.5945,"skY":-0.5945}},{"length":35,"name":"dl__0001_jie2","parent":"denglong1","transform":{"x":69.4945,"y":-52.3427,"skX":0.2124,"skY":0.2124}},{"length":24,"name":"dl__0000_jie32","parent":"denglong1","transform":{"x":144.5992,"y":26.3686,"skX":-0.5945,"skY":-0.5945}},{"length":35,"name":"dl__0001_jie21","parent":"denglong1","transform":{"x":69.1013,"y":53.7332,"skX":0.2124,"skY":0.2124}},{"length":35,"name":"dl__0001_jie22","parent":"dl__0003_denglong1","transform":{"x":10.8345,"y":-52.5725,"skX":0.1465,"skY":0.1465}},{"length":35,"name":"dl__0001_jie211","parent":"dl__0003_denglong1","transform":{"x":10.5632,"y":53.5039,"skX":0.1465,"skY":0.1465}},{"length":24,"name":"dl__0000_jie33","parent":"dl__0003_denglong1","transform":{"x":99.2997,"y":0.254,"skX":-0.6604,"skY":-0.6604}},{"length":24,"name":"dl__0000_jie311","parent":"dl__0003_denglong1","transform":{"x":87.7542,"y":-24.991,"skX":-0.6604,"skY":-0.6604}},{"length":24,"name":"dl__0000_jie321","parent":"dl__0003_denglong1","transform":{"x":86.0296,"y":26.0525,"skX":-0.6604,"skY":-0.6604}}],"slot":[{"name":"dl__0002_jie11","parent":"denglong2"},{"name":"dl__0003_denglong1","parent":"dl__0003_denglong1"},{"name":"dl__0001_jie22","parent":"dl__0001_jie22"},{"name":"dl__0000_jie33","parent":"dl__0000_jie33"},{"name":"dl__0001_jie211","parent":"dl__0001_jie211"},{"name":"dl__0000_jie311","parent":"dl__0000_jie311"},{"name":"dl__0000_jie321","parent":"dl__0000_jie321"},{"name":"dl__0002_jie1","parent":"denglong1"},{"name":"dl__0003_denglong","parent":"dl__0003_denglong"},{"name":"dl__0001_jie2","parent":"dl__0001_jie2"},{"name":"dl__0000_jie3","parent":"dl__0000_jie3"},{"name":"dl__0001_jie21","parent":"dl__0001_jie21"},{"name":"dl__0000_jie31","parent":"dl__0000_jie31"},{"name":"dl__0000_jie32","parent":"dl__0000_jie32"}],"skin":[{"slot":[{"name":"dl__0000_jie32","display":[{"name":"dl__0000_jie3","transform":{"x":13.65,"y":-0.36,"skX":-89.19,"skY":-89.19}}]},{"name":"dl__0001_jie211","display":[{"name":"dl__0001_jie2","transform":{"x":22.01,"y":-0.58,"skX":-90,"skY":-90}}]},{"name":"dl__0001_jie21","display":[{"name":"dl__0001_jie2","transform":{"x":22.01,"y":-0.58,"skX":-90,"skY":-90}}]},{"name":"dl__0001_jie22","display":[{"name":"dl__0001_jie2","transform":{"x":22.01,"y":-0.58,"skX":-90,"skY":-90}}]},{"name":"dl__0001_jie2","display":[{"name":"dl__0001_jie2","transform":{"x":22.01,"y":-0.58,"skX":-90,"skY":-90}}]},{"name":"dl__0002_jie11","display":[{"name":"dl__0002_jie1","transform":{"x":31.1,"y":-2.5,"skX":-89.79,"skY":-89.79}}]},{"name":"dl__0002_jie1","display":[{"name":"dl__0002_jie1","transform":{"x":31.1,"y":-2.5,"skX":-89.79,"skY":-89.79}}]},{"name":"dl__0000_jie311","display":[{"name":"dl__0000_jie3","transform":{"x":13.65,"y":-0.36,"skX":-89.19,"skY":-89.19}}]},{"name":"dl__0000_jie31","display":[{"name":"dl__0000_jie3","transform":{"x":13.65,"y":-0.36,"skX":-89.19,"skY":-89.19}}]},{"name":"dl__0000_jie33","display":[{"name":"dl__0000_jie3","transform":{"x":13.65,"y":-0.36,"skX":-89.19,"skY":-89.19}}]},{"name":"dl__0000_jie3","display":[{"name":"dl__0000_jie3","transform":{"x":13.65,"y":-0.36,"skX":-89.19,"skY":-89.19}}]},{"name":"dl__0003_denglong1","display":[{"name":"dl__0003_denglong","transform":{"x":62.9,"y":3.88,"skX":-89.85,"skY":-89.85}}]},{"name":"dl__0003_denglong","display":[{"name":"dl__0003_denglong","transform":{"x":62.9,"y":3.88,"skX":-89.85,"skY":-89.85}}]},{"name":"dl__0000_jie321","display":[{"name":"dl__0000_jie3","transform":{"x":13.65,"y":-0.36,"skX":-89.19,"skY":-89.19}}]}]}],"animation":[{"duration":80,"playTimes":0,"name":"zhujiemian","bone":[{"name":"denglong1","rotateFrame":[{"duration":20,"tweenEasing":0},{"duration":20,"tweenEasing":0,"rotate":-2},{"duration":20,"tweenEasing":0},{"duration":20,"tweenEasing":0,"rotate":2},{"duration":0}]},{"name":"denglong2","rotateFrame":[{"duration":20,"tweenEasing":0},{"duration":20,"tweenEasing":0,"rotate":2},{"duration":20,"tweenEasing":0},{"duration":20,"tweenEasing":0,"rotate":-2},{"duration":0}]},{"name":"dl__0001_jie21","rotateFrame":[{"duration":20,"tweenEasing":0},{"duration":20,"tweenEasing":0,"rotate":1.76},{"duration":20,"tweenEasing":0},{"duration":20,"tweenEasing":0,"rotate":-2.57},{"duration":0}]},{"name":"dl__0000_jie31","rotateFrame":[{"duration":20,"tweenEasing":0},{"duration":20,"tweenEasing":0,"rotate":3.23},{"duration":20,"tweenEasing":0},{"duration":20,"tweenEasing":0,"rotate":-1.9},{"duration":0}]},{"name":"dl__0001_jie2","rotateFrame":[{"duration":20,"tweenEasing":0},{"duration":20,"tweenEasing":0,"rotate":1.92},{"duration":20,"tweenEasing":0},{"duration":20,"tweenEasing":0,"rotate":-1.37},{"duration":0}]},{"name":"dl__0000_jie3","rotateFrame":[{"duration":20,"tweenEasing":0},{"duration":20,"tweenEasing":0,"rotate":2.03},{"duration":20,"tweenEasing":0},{"duration":20,"tweenEasing":0,"rotate":-2.06},{"duration":0}]},{"name":"dl__0000_jie32","rotateFrame":[{"duration":20,"tweenEasing":0},{"duration":20,"tweenEasing":0,"rotate":2.23},{"duration":20,"tweenEasing":0},{"duration":20,"tweenEasing":0,"rotate":-1.93},{"duration":0}]},{"name":"dl__0001_jie22","rotateFrame":[{"duration":20,"tweenEasing":0},{"duration":20,"tweenEasing":0,"rotate":-0.72},{"duration":20,"tweenEasing":0},{"duration":20,"tweenEasing":0,"rotate":2.32},{"duration":0}]},{"name":"dl__0000_jie33","rotateFrame":[{"duration":20,"tweenEasing":0},{"duration":20,"tweenEasing":0,"rotate":-1.46},{"duration":20,"tweenEasing":0},{"duration":20,"tweenEasing":0,"rotate":2.18},{"duration":0}]},{"name":"dl__0001_jie211","rotateFrame":[{"duration":20,"tweenEasing":0},{"duration":20,"tweenEasing":0,"rotate":-1.53},{"duration":20,"tweenEasing":0},{"duration":20,"tweenEasing":0,"rotate":2.14},{"duration":0}]},{"name":"dl__0000_jie311","rotateFrame":[{"duration":20,"tweenEasing":0},{"duration":20,"tweenEasing":0,"rotate":-1.54},{"duration":20,"tweenEasing":0},{"duration":20,"tweenEasing":0,"rotate":3.32},{"duration":0}]},{"name":"dl__0000_jie321","rotateFrame":[{"duration":40,"tweenEasing":0},{"duration":20,"tweenEasing":0},{"duration":20,"tweenEasing":0,"rotate":3.83},{"duration":0}]}]}],"defaultActions":[{"gotoAndPlay":"zhujiemian"}]}]}