{"AnswerSkin":{"$path":"resource/skins/AnswerSkin.exml","$bs":{"height":537,"width":445,"$eleC":["_Group1","button_close"]},"_Group1":{"bottom":0,"left":0,"right":0,"top":0,"$t":"$eG","$eleC":["_Image1","idome","_Image2","_Animator1"]},"_Image1":{"bottom":0,"left":0,"right":0,"source":"newIdiom_json.bg","top":0,"$t":"$eI"},"idome":{"anchorOffsetX":0,"anchorOffsetY":0,"height":184.84,"horizontalCenter":0,"verticalCenter":70.5,"width":312.11,"$t":"$eG","layout":"_BasicLayout1","$eleC":["idiom_00","idiom_01","idiom_02","idiom_03","idiom_10","idiom_11","idiom_12","idiom_13"]},"_BasicLayout1":{"$t":"eui.BasicLayout"},"idiom_00":{"bold":true,"fontFamily":"DFKai-SB","horizontalCenter":-114,"scaleX":1,"scaleY":1,"size":72,"text":"手","textColor":9394202,"verticalCenter":-51,"$t":"$eL"},"idiom_01":{"bold":true,"fontFamily":"DFKai-SB","horizontalCenter":-38,"scaleX":1,"scaleY":1,"size":72,"text":"一","textColor":9394202,"verticalCenter":-51,"$t":"$eL"},"idiom_02":{"bold":true,"fontFamily":"DFKai-SB","horizontalCenter":38,"scaleX":1,"scaleY":1,"size":72,"text":"手","textColor":9394202,"verticalCenter":-51,"$t":"$eL"},"idiom_03":{"bold":true,"fontFamily":"DFKai-SB","horizontalCenter":114,"scaleX":1,"scaleY":1,"size":72,"text":"手","textColor":9394202,"verticalCenter":-51,"$t":"$eL"},"idiom_10":{"bold":true,"fontFamily":"DFKai-SB","horizontalCenter":-114,"scaleX":1,"scaleY":1,"size":72,"text":"手","textColor":9394202,"verticalCenter":36,"$t":"$eL"},"idiom_11":{"bold":true,"fontFamily":"DFKai-SB","horizontalCenter":-38,"scaleX":1,"scaleY":1,"size":72,"text":"手","textColor":9394202,"verticalCenter":36,"$t":"$eL"},"idiom_12":{"bold":true,"fontFamily":"DFKai-SB","horizontalCenter":38,"scaleX":1,"scaleY":1,"size":72,"text":"手","textColor":9394202,"verticalCenter":36,"$t":"$eL"},"idiom_13":{"bold":true,"fontFamily":"DFKai-SB","horizontalCenter":114,"scaleX":1,"scaleY":1,"size":72,"text":"手","textColor":9394202,"verticalCenter":36,"$t":"$eL"},"_Image2":{"horizontalCenter":0,"source":"newIdiom_json.help","y":142,"$t":"$eI"},"_Animator1":{"horizontalCenter":0,"source":"qiuzhuchenggong","touchChildren":false,"touchEnabled":false,"y":120,"$t":"how.Animator"},"button_close":{"height":80,"horizontalCenter":0,"width":235,"y":545,"$t":"$eG","$eleC":["_Image3","_Image4"]},"_Image3":{"horizontalCenter":0,"source":"newIdiom_json.netxButtn","verticalCenter":0,"$t":"$eI"},"_Image4":{"horizontalCenter":0,"source":"jixudati_png","verticalCenter":0,"$t":"$eI"},"$sP":["idiom_00","idiom_01","idiom_02","idiom_03","idiom_10","idiom_11","idiom_12","idiom_13","idome","button_close"],"$sC":"$eSk"},"ButtonListSkin":{"$path":"resource/skins/ButtonListSkin.exml","$bs":{"height":100,"width":100,"$eleC":["_Image1","answer__1"]},"_Image1":{"anchorOffsetX":0,"anchorOffsetY":0,"bottom":0,"height":100,"left":0,"right":0,"scaleX":1,"scaleY":1,"source":"newIdiom_json.answer","top":0,"width":100,"$t":"$eI"},"answer__1":{"bold":true,"bottom":0,"fontFamily":"Arial","left":0,"right":0,"scaleX":1,"scaleY":1,"size":55,"text":"","textAlign":"center","textColor":0,"top":0,"verticalAlign":"middle","$t":"$eL"},"$sP":["answer__1"],"$b":[{"$bd":["hostComponent.data"],"$bt":"answer__1","$bp":"text"}],"$sC":"$eSk"},"KepuSkin":{"$path":"resource/skins/KepuSkin.exml","$bs":{"height":537,"width":445,"$eleC":["_Image1","_Group1","_Animator1","_Animator2"]},"_Image1":{"bottom":0,"left":0,"right":0,"source":"newIdiom_json.keju","top":0,"$t":"$eI"},"_Group1":{"height":173,"horizontalCenter":0,"top":-126,"width":578,"$t":"$eG","$eleC":["_Image2","title_0","title_1","title_2","title_3","closeButton","_Image3"]},"_Image2":{"bottom":0,"left":0,"right":0,"source":"newIdiom_json.eaves","top":0,"$t":"$eI"},"title_0":{"horizontalCenter":-108.8,"source":"newIdiom_json.ke","verticalCenter":32,"$t":"$eI"},"title_1":{"horizontalCenter":-37,"source":"newIdiom_json.ju","verticalCenter":32,"$t":"$eI"},"title_2":{"horizontalCenter":37,"source":"newIdiom_json.zhi","verticalCenter":32,"$t":"$eI"},"title_3":{"horizontalCenter":111,"source":"newIdiom_json.lu","verticalCenter":32,"$t":"$eI"},"closeButton":{"right":42,"top":124,"$t":"how.Button","skinName":"KepuSkin$Skin1"},"_Image3":{"left":42,"source":"newIdiom_json.fu","top":124,"$t":"$eI"},"_Animator1":{"left":0,"source":"jinbangtiming","touchChildren":false,"touchEnabled":false,"y":192,"$t":"how.Animator"},"_Animator2":{"right":0,"source":"jinbangtiming","touchChildren":false,"touchEnabled":false,"width":0,"y":192,"$t":"how.Animator"},"$sP":["title_0","title_1","title_2","title_3","closeButton"],"$sC":"$eSk"},"KepuSkin$Skin1":{"$bs":{"$eleC":["_Image1","labelDisplay"]},"_Image1":{"percentHeight":100,"source":"close","percentWidth":100,"$t":"$eI"},"labelDisplay":{"horizontalCenter":0,"verticalCenter":0,"$t":"$eL"},"$sP":["labelDisplay"],"$s":{"up":{},"down":{},"disabled":{}},"$sC":"$eSk"},"LabelListSkin":{"$path":"resource/skins/LabelListSkin.exml","$bs":{"height":70,"width":70,"$eleC":["_Image1","idiomLabel","rect"]},"_Image1":{"bottom":0,"left":0,"right":0,"source":"newIdiom_json.subjectBg1","top":0,"visible":"","$t":"$eI"},"idiomLabel":{"background":false,"backgroundColor":281302,"bottom":0,"left":0,"right":0,"scaleX":1,"scaleY":1,"size":50,"text":"","textAlign":"center","textColor":2825494,"top":0,"verticalAlign":"middle","visible":"","$t":"$eL"},"rect":{"bottom":0,"left":0,"right":0,"source":"newIdiom_json.subjectBg","top":0,"visible":"","$t":"$eI"},"$sP":["idiomLabel","rect"],"$b":[{"$bd":["hostComponent.data.label"],"$bt":"_Image1","$bp":"visible"},{"$bd":["hostComponent.data.label"],"$bt":"idiomLabel","$bp":"text"},{"$bd":["hostComponent.data.label"],"$bt":"idiomLabel","$bp":"visible"},{"$bd":["hostComponent.data.isAnswer"],"$bt":"rect","$bp":"visible"}],"$sC":"$eSk"},"LevelListSkin":{"$path":"resource/skins/LevelListSkin.exml","$bs":{"height":120,"width":108,"$eleC":["_Image1","labelChoose","chooseLock"]},"_Image1":{"bottom":0,"left":0,"right":0,"source":"newIdiom_json.roundBg","top":0,"$t":"$eI"},"labelChoose":{"background":false,"backgroundColor":10702358,"bold":true,"border":false,"borderColor":0,"bottom":13,"fontFamily":"DFKai-SB","left":0,"right":0,"size":48,"stroke":2,"strokeColor":10702358,"text":"1","textAlign":"center","textColor":16777215,"top":0,"verticalAlign":"middle","$t":"$eL"},"chooseLock":{"height":120,"source":"newIdiom_json.roundLock","width":108,"x":0,"y":0,"$t":"$eI"},"$sP":["labelChoose","chooseLock"],"$sC":"$eSk"},"LevelSkin":{"$path":"resource/skins/LevelSkin.exml","$bs":{"height":537,"width":445,"$eleC":["_Image1","star","levelList","_Group1","buttonRight","buttonLeft","_Animator1","_Animator2"]},"_Image1":{"bottom":0,"left":0,"right":0,"source":"newIdiom_json.bg","top":0,"$t":"$eI"},"star":{"height":50,"horizontalCenter":0,"top":32,"width":285,"$t":"$eG","$eleC":["_Image2","starBlack_1","starBlack_2","starBlack_3","starBlack_4","starBlack_5","star_1","star_2","star_3","star_4","star_5"]},"_Image2":{"bottom":0,"left":0,"right":0,"scaleX":1,"scaleY":1,"source":"newIdiom_json.starBgBig","top":0,"$t":"$eI"},"starBlack_1":{"horizontalCenter":-100,"scaleX":1,"scaleY":1,"source":"newIdiom_json.starBg","verticalCenter":0,"$t":"$eI"},"starBlack_2":{"horizontalCenter":-50,"scaleX":1,"scaleY":1,"source":"newIdiom_json.starBg","verticalCenter":0,"$t":"$eI"},"starBlack_3":{"horizontalCenter":0,"scaleX":1,"scaleY":1,"source":"newIdiom_json.starBg","verticalCenter":0,"$t":"$eI"},"starBlack_4":{"horizontalCenter":50,"scaleX":1,"scaleY":1,"source":"newIdiom_json.starBg","verticalCenter":0,"$t":"$eI"},"starBlack_5":{"horizontalCenter":100,"scaleX":1,"scaleY":1,"source":"newIdiom_json.starBg","verticalCenter":0,"$t":"$eI"},"star_1":{"horizontalCenter":-100,"scaleX":1,"scaleY":1,"source":"newIdiom_json.star","verticalCenter":0,"visible":false,"$t":"$eI"},"star_2":{"horizontalCenter":-50,"scaleX":1,"scaleY":1,"source":"newIdiom_json.star","verticalCenter":0,"visible":false,"$t":"$eI"},"star_3":{"horizontalCenter":0,"scaleX":1,"scaleY":1,"source":"newIdiom_json.star","verticalCenter":0,"visible":false,"$t":"$eI"},"star_4":{"horizontalCenter":50,"scaleX":1,"scaleY":1,"source":"newIdiom_json.star","verticalCenter":0,"visible":false,"$t":"$eI"},"star_5":{"horizontalCenter":100,"scaleX":1,"scaleY":1,"source":"newIdiom_json.star","verticalCenter":0,"visible":false,"$t":"$eI"},"levelList":{"bottom":0,"itemRendererSkinName":"LevelListSkin","left":0,"right":0,"top":0,"$t":"$eLs","layout":"_TileLayout1","dataProvider":"_ArrayCollection1"},"_TileLayout1":{"columnAlign":"justifyUsingGap","paddingBottom":44,"paddingLeft":39,"paddingRight":39,"paddingTop":105,"rowAlign":"justifyUsingGap","$t":"$eTL"},"_ArrayCollection1":{"$t":"eui.ArrayCollection","source":["_Object1","_Object2","_Object3","_Object4","_Object5","_Object6","_Object7","_Object8","_Object9"]},"_Object1":{"test":"null","$t":"Object"},"_Object2":{"test":"null","$t":"Object"},"_Object3":{"test":"null","$t":"Object"},"_Object4":{"test":"null","$t":"Object"},"_Object5":{"test":"null","$t":"Object"},"_Object6":{"test":"null","$t":"Object"},"_Object7":{"test":"null","$t":"Object"},"_Object8":{"test":"null","$t":"Object"},"_Object9":{"test":"null","$t":"Object"},"_Group1":{"height":173,"horizontalCenter":0,"top":-126,"width":578,"$t":"$eG","$eleC":["_Image3","title_0","title_1","title_2","title_3","closeButton","_Image4"]},"_Image3":{"horizontalCenter":0,"source":"newIdiom_json.eaves","verticalCenter":0,"$t":"$eI"},"title_0":{"horizontalCenter":-108.8,"source":"newIdiom_json.you","verticalCenter":32,"$t":"$eI"},"title_1":{"horizontalCenter":-37,"source":"newIdiom_json.xi","verticalCenter":32,"$t":"$eI"},"title_2":{"horizontalCenter":37,"source":"newIdiom_json.guan","verticalCenter":32,"$t":"$eI"},"title_3":{"horizontalCenter":111,"source":"newIdiom_json.qia","verticalCenter":32,"$t":"$eI"},"closeButton":{"right":42,"top":124,"$t":"how.Button","skinName":"LevelSkin$Skin2"},"_Image4":{"left":42,"scaleX":1,"scaleY":1,"source":"newIdiom_json.fu","top":124,"width":47,"y":118,"$t":"$eI"},"buttonRight":{"right":-30,"scaleX":-1,"source":"newIdiom_json.roundNext","verticalCenter":0,"$t":"$eI"},"buttonLeft":{"left":-30,"source":"newIdiom_json.roundNext","verticalCenter":0,"$t":"$eI"},"_Animator1":{"left":0,"source":"jinbangtiming","touchChildren":false,"touchEnabled":false,"y":192,"$t":"how.Animator"},"_Animator2":{"right":0,"source":"jinbangtiming","touchChildren":false,"touchEnabled":false,"y":192,"$t":"how.Animator"},"$sP":["starBlack_1","starBlack_2","starBlack_3","starBlack_4","starBlack_5","star_1","star_2","star_3","star_4","star_5","star","levelList","title_0","title_1","title_2","title_3","closeButton","buttonRight","buttonLeft"],"$sC":"$eSk"},"LevelSkin$Skin2":{"$bs":{"$eleC":["_Image1","labelDisplay"]},"_Image1":{"percentHeight":100,"source":"close","percentWidth":100,"$t":"$eI"},"labelDisplay":{"horizontalCenter":0,"verticalCenter":0,"$t":"$eL"},"$sP":["labelDisplay"],"$s":{"up":{},"down":{},"disabled":{}},"$sC":"$eSk"},"MainSkin":{"$path":"resource/skins/MainSkin.exml","$bs":{"height":1136,"width":640,"$eleC":["_Image1","_Animator1","all","_Group1"]},"_Image1":{"bottom":0,"left":0,"right":0,"source":"mainBg_jpg","top":0,"$t":"$eI"},"_Animator1":{"right":95,"source":"zhujiemian","top":95,"touchChildren":false,"touchEnabled":false,"$t":"how.Animator"},"all":{"height":1136,"horizontalCenter":0,"verticalCenter":0,"width":640,"$t":"$eG","$eleC":["problems","answer","button","buttonMusic","title","mainRed","mainRed1","btn_popularization"]},"problems":{"anchorOffsetX":0,"anchorOffsetY":0,"height":361,"horizontalCenter":0,"scaleX":1,"scaleY":1,"top":186,"width":603,"x":7,"y":109,"$t":"$eG","layout":"_BasicLayout1","$eleC":["_Image2","labelList"]},"_BasicLayout1":{"$t":"eui.BasicLayout"},"_Image2":{"bottom":0,"left":0,"right":0,"source":"newIdiom_json.subject","top":0,"$t":"$eI"},"labelList":{"horizontalCenter":0,"itemRendererSkinName":"LabelListSkin","verticalCenter":0,"$t":"$eLs","layout":"_TileLayout1"},"_TileLayout1":{"horizontalGap":2,"verticalGap":2,"$t":"$eTL"},"answer":{"height":267,"horizontalCenter":0,"scaleX":1,"scaleY":1,"top":644,"width":566,"x":37,"y":692,"$t":"$eG","$eleC":["buttonList"]},"buttonList":{"horizontalCenter":0,"itemRendererSkinName":"ButtonListSkin","scaleX":1,"scaleY":1,"verticalCenter":0,"$t":"$eLs","layout":"_TileLayout2"},"_TileLayout2":{"columnWidth":100,"horizontalGap":40,"paddingBottom":0,"paddingLeft":0,"paddingRight":0,"paddingTop":0,"requestedColumnCount":4,"requestedRowCount":2,"rowHeight":100,"verticalGap":40,"$t":"$eTL"},"button":{"anchorOffsetX":0,"anchorOffsetY":0,"height":83.33,"left":0,"right":0,"scaleX":1,"scaleY":1,"top":558,"x":0,"y":583,"$t":"$eG","layout":"_BasicLayout2","$eleC":["showRanking","showAnswerBtn","selectRound"]},"_BasicLayout2":{"$t":"eui.BasicLayout"},"showRanking":{"height":64,"horizontalCenter":-204,"verticalCenter":-0.16499999999999915,"width":190,"$t":"how.Button","skinName":"MainSkin$Skin3"},"showAnswerBtn":{"height":64,"horizontalCenter":0,"soundPath":"assets/answerButton.mp3","verticalCenter":-0.16499999999999915,"width":190,"$t":"how.Button","skinName":"MainSkin$Skin4"},"selectRound":{"height":64,"horizontalCenter":204,"verticalCenter":-0.16499999999999915,"width":190,"$t":"how.Button","skinName":"MainSkin$Skin5"},"buttonMusic":{"height":53,"scaleX":1,"scaleY":1,"width":60,"x":221,"y":33,"$t":"$eG","$eleC":["_Image3","musicOpen"]},"_Image3":{"bottom":0,"left":0,"right":0,"scaleX":1,"scaleY":1,"source":"newIdiom_json.musicClose","top":0,"$t":"$eI"},"musicOpen":{"bottom":0,"left":0,"right":0,"scaleX":1,"scaleY":1,"source":"newIdiom_json.musicOppen","top":0,"x":10,"y":10,"$t":"$eI"},"title":{"height":76,"left":24,"scaleX":1,"scaleY":1,"width":179,"y":21,"$t":"$eG","$eleC":["_Image4","levelLabel"]},"_Image4":{"bottom":0,"left":0,"right":0,"source":"newIdiom_json.subjectNumber","top":0,"$t":"$eI"},"levelLabel":{"horizontalCenter":0,"size":25,"text":"第1题","textColor":16773022,"verticalCenter":0,"$t":"$eL"},"mainRed":{"height":33,"width":130,"x":51,"y":121,"$t":"$eG","$eleC":["_Rect1","label_mainRedMoney","_Image5","btn_getMoney"]},"_Rect1":{"alpha":0.5,"bottom":0,"fillColor":6371106,"left":0,"right":0,"top":0,"$t":"$eR"},"label_mainRedMoney":{"bottom":0,"left":0,"right":0,"size":24,"text":"￥0.00","textAlign":"center","textColor":1578768,"top":0,"verticalAlign":"middle","$t":"$eL"},"_Image5":{"height":60,"left":-31,"source":"newIdiom_json.redBox","verticalCenter":-1,"width":50,"$t":"$eI"},"btn_getMoney":{"height":44,"verticalCenter":0,"width":65,"x":117,"$t":"$eG","$eleC":["_Image6"]},"_Image6":{"anchorOffsetX":0,"anchorOffsetY":0,"bottom":0,"height":44,"left":0,"right":0,"scaleX":1,"scaleY":1,"source":"newIdiom_json.getMoney","top":0,"width":65,"$t":"$eI"},"mainRed1":{"height":45,"width":172,"x":299,"y":106,"$t":"$eG","$eleC":["_Image7","redLight1","redLight2","redLight3","btn_getRed1","btn_getRed2","btn_getRed3","btn_getRedG1","btn_getRedG2","btn_getRedG3","_Label1","_Label2","_Label3"]},"_Image7":{"horizontalCenter":0,"source":"newIdiom_json.redBg","verticalCenter":0,"$t":"$eI"},"redLight1":{"anchorOffsetX":49,"anchorOffsetY":46,"source":"mainLight1_png","x":-13,"y":23,"$t":"$eI"},"redLight2":{"anchorOffsetX":49,"anchorOffsetY":46,"source":"mainLight1_png","x":86,"y":23,"$t":"$eI"},"redLight3":{"anchorOffsetX":49,"anchorOffsetY":46,"source":"mainLight1_png","x":185,"y":23,"$t":"$eI"},"btn_getRed1":{"left":-36,"source":"newIdiom_json.redBox1","verticalCenter":0,"$t":"$eI"},"btn_getRed2":{"horizontalCenter":0,"source":"newIdiom_json.redBox1","verticalCenter":0,"$t":"$eI"},"btn_getRed3":{"right":-36,"source":"newIdiom_json.redBox1","verticalCenter":0,"$t":"$eI"},"btn_getRedG1":{"left":-32,"source":"newIdiom_json.hook","touchEnabled":false,"verticalCenter":0,"$t":"$eI"},"btn_getRedG2":{"horizontalCenter":0,"source":"newIdiom_json.hook","touchEnabled":false,"verticalCenter":0,"$t":"$eI"},"btn_getRedG3":{"right":-32,"source":"newIdiom_json.hook","touchEnabled":false,"verticalCenter":0,"$t":"$eI"},"_Label1":{"left":-51,"size":18,"text":"答对50题","textColor":6049863,"y":50,"$t":"$eL"},"_Label2":{"horizontalCenter":0,"size":18,"text":"答对100题","textColor":6049863,"y":50,"$t":"$eL"},"_Label3":{"right":-59,"size":18,"text":"答对200题","textColor":6049863,"y":50,"$t":"$eL"},"btn_popularization":{"height":53,"width":96,"x":299,"y":33,"$t":"how.Button","skinName":"MainSkin$Skin6"},"_Group1":{"height":114,"left":10,"width":107,"y":315,"$t":"$eG","$eleC":["btn_achievement"]},"btn_achievement":{"anchorOffsetX":53.5,"anchorOffsetY":57,"height":114,"scaleX":1,"scaleY":1,"width":107,"x":53.5,"y":57,"$t":"how.Button","skinName":"MainSkin$Skin7"},"$sP":["labelList","problems","buttonList","answer","showRanking","showAnswerBtn","selectRound","button","musicOpen","buttonMusic","levelLabel","title","label_mainRedMoney","btn_getMoney","mainRed","redLight1","redLight2","redLight3","btn_getRed1","btn_getRed2","btn_getRed3","btn_getRedG1","btn_getRedG2","btn_getRedG3","mainRed1","btn_popularization","all","btn_achievement"],"$sC":"$eSk"},"MainSkin$Skin3":{"$bs":{"$eleC":["_Image1","_Image2"]},"_Image1":{"bottom":0,"left":0,"right":0,"scaleX":1,"scaleY":1,"source":"newIdiom_json.friendRank","top":0,"$t":"$eI"},"_Image2":{"horizontalCenter":0,"source":"newIdiom_json.friendRankWord","verticalCenter":0,"$t":"$eI"},"$s":{"up":{},"down":{},"disabled":{}},"$sC":"$eSk"},"MainSkin$Skin4":{"$bs":{"$eleC":["_Image1","img_shareAnswer","answerTips","img_answerVideo"]},"_Image1":{"bottom":0,"left":0,"right":0,"scaleX":1,"scaleY":1,"source":"newIdiom_json.showAnswerButtn","top":0,"$t":"$eI"},"img_shareAnswer":{"source":"newIdiom_json.showAnswerWord","verticalCenter":0,"x":47,"$t":"$eI"},"answerTips":{"horizontalCenter":125,"scaleX":1,"scaleY":1,"source":"tips_png","top":-70,"visible":false,"$t":"$eI"},"img_answerVideo":{"source":"newIdiom_json.videoIcon","verticalCenter":0,"x":20,"$t":"$eI"},"$sP":["img_shareAnswer","answerTips","img_answerVideo"],"$s":{"up":{},"down":{},"disabled":{}},"$sC":"$eSk"},"MainSkin$Skin5":{"$bs":{"$eleC":["_Image1","_Image2"]},"_Image1":{"bottom":0,"left":0,"right":0,"scaleX":1,"scaleY":1,"source":"newIdiom_json.roundButtn","top":0,"$t":"$eI"},"_Image2":{"horizontalCenter":0,"source":"newIdiom_json.roudWord","verticalCenter":0,"$t":"$eI"},"$s":{"up":{},"down":{},"disabled":{}},"$sC":"$eSk"},"MainSkin$Skin6":{"$bs":{"$eleC":["_Image1"]},"_Image1":{"percentHeight":100,"source":"newIdiom_json.popularization","percentWidth":100,"$t":"$eI"},"$s":{"up":{},"down":{},"disabled":{}},"$sC":"$eSk"},"MainSkin$Skin7":{"$bs":{"$eleC":["_Image1","labelDisplay"]},"_Image1":{"percentHeight":100,"source":"newIdiom_json.getRed","percentWidth":100,"$t":"$eI"},"labelDisplay":{"horizontalCenter":0,"verticalCenter":0,"$t":"$eL"},"$sP":["labelDisplay"],"$s":{"up":{},"down":{},"disabled":{}},"$sC":"$eSk"},"MoreGameItemSkin":{"$path":"resource/skins/MoreGameItemSkin.exml","$bs":{"$eleC":["_Group2"]},"_Group2":{"anchorOffsetX":0,"anchorOffsetY":0,"height":120,"width":400,"$t":"$eG","$eleC":["_Rect1","_Group1","gameName","redImage","hadGet","playGameButton"]},"_Rect1":{"bottom":0,"ellipseWidth":40,"fillAlpha":0.9,"fillColor":16504774,"left":0,"right":0,"top":0,"width":390,"$t":"$eR"},"_Group1":{"left":6,"verticalCenter":0,"$t":"$eG","$eleC":["_Rect2","gameIcon"]},"_Rect2":{"ellipseWidth":30,"fillColor":16777215,"height":80,"horizontalCenter":0,"verticalCenter":0,"width":80,"$t":"$eR"},"gameIcon":{"height":70,"horizontalCenter":0,"source":"","verticalCenter":0,"width":70,"$t":"$eI"},"gameName":{"anchorOffsetX":0,"fontFamily":"SimHei","height":54,"left":94,"size":18,"text":"","textAlign":"left","textColor":15549755,"verticalAlign":"middle","verticalCenter":0,"width":106,"$t":"$eL"},"redImage":{"height":29,"horizontalCenter":23,"scaleX":1.5,"scaleY":1.5,"source":"redBox","verticalCenter":0,"width":24,"$t":"$eI"},"hadGet":{"right":0,"source":"hadGet_png","top":0,"visible":false,"$t":"$eI"},"playGameButton":{"height":40,"left":247,"scaleX":1.3,"scaleY":1.3,"verticalCenter":0,"width":114,"$t":"$eG","$eleC":["playGameButton1","playGameButton0"]},"playGameButton1":{"height":40,"horizontalCenter":0,"label":"立即试玩","scaleX":1,"scaleY":1,"verticalCenter":0,"width":114,"$t":"$eB","skinName":"MoreGameItemSkin$Skin8"},"playGameButton0":{"height":40,"horizontalCenter":0,"label":"开始游戏","scaleX":1,"scaleY":1,"verticalCenter":0,"visible":false,"width":114,"y":0,"$t":"$eB","skinName":"MoreGameItemSkin$Skin9"},"$sP":["gameIcon","gameName","redImage","hadGet","playGameButton1","playGameButton0","playGameButton"],"$b":[{"$bd":["hostComponent.data.source"],"$bt":"gameIcon","$bp":"source"},{"$bd":["hostComponent.data.name"],"$bt":"gameName","$bp":"text"}],"$sC":"$eSk"},"MoreGameItemSkin$Skin8":{"$bs":{"$eleC":["_Image1","labelDisplay"]},"_Image1":{"percentHeight":100,"source":"friendRank","percentWidth":100,"$t":"$eI"},"labelDisplay":{"horizontalCenter":0,"size":18,"verticalCenter":0,"$t":"$eL"},"$sP":["labelDisplay"],"$s":{"up":{},"down":{},"disabled":{}},"$sC":"$eSk"},"MoreGameItemSkin$Skin9":{"$bs":{"$eleC":["_Image1","labelDisplay"]},"_Image1":{"percentHeight":100,"source":"newIdiom_json.netxButtn","percentWidth":100,"$t":"$eI"},"labelDisplay":{"horizontalCenter":0,"size":18,"verticalCenter":0,"$t":"$eL"},"$sP":["labelDisplay"],"$s":{"up":{},"down":{},"disabled":{}},"$sC":"$eSk"},"MoreGameSkin":{"$path":"resource/skins/MoreGameSkin.exml","$bs":{"$eleC":["container"]},"container":{"horizontalCenter":0,"verticalCenter":-50,"$t":"$eG","$eleC":["_Image1","_Group1","_Scroller1","_Group2"]},"_Image1":{"height":600,"horizontalCenter":0,"source":"bg","top":135,"width":450,"$t":"$eI"},"_Group1":{"anchorOffsetX":0,"horizontalCenter":0,"y":175,"$t":"$eG","$eleC":["_Rect1","_Label1"]},"_Rect1":{"ellipseWidth":40,"fillAlpha":0.5,"fillColor":14732220,"height":33,"horizontalCenter":0,"verticalCenter":0,"width":312,"$t":"$eR"},"_Label1":{"fontFamily":"SimHei","horizontalCenter":0,"size":24,"text":"体验其他游戏可获得红包","textColor":625080,"verticalCenter":0,"$t":"$eL"},"_Scroller1":{"anchorOffsetX":0,"height":500,"horizontalCenter":0,"top":218,"$t":"$eS","viewport":"gameList"},"gameList":{"horizontalCenter":0,"itemRendererSkinName":"MoreGameItemSkin","useVirtualLayout":false,"$t":"$eLs","layout":"_VerticalLayout1","dataProvider":"_ArrayCollection1"},"_VerticalLayout1":{"gap":12,"$t":"$eVL"},"_ArrayCollection1":{"$t":"eui.ArrayCollection","source":["_Object1"]},"_Object1":{"appId":"wx7d2e1dd8fd7ea905","gameUrl":"/pages/index/index?gdt_vid=mengjia&weixinadinfo=0001&channel=mengjia.h5xxxstar.1342","name":"疯狂玩消星星","source":"xiaoxingxing_png","$t":"Object"},"_Group2":{"height":173,"horizontalCenter":0,"scaleX":1,"scaleY":1,"width":578,"y":-9,"$t":"$eG","$eleC":["_Image2","title_0","title_1","title_2","title_3","closeButton","_Image3","_Animator1","_Animator2"]},"_Image2":{"horizontalCenter":5,"scale9Grid":"20,23,31,20","scaleX":1,"scaleY":1,"source":"eaves","x":0,"y":17,"$t":"$eI"},"title_0":{"horizontalCenter":-104,"source":"shi_png","verticalCenter":46,"$t":"$eI"},"title_1":{"horizontalCenter":-32,"source":"wan_png","verticalCenter":46,"$t":"$eI"},"title_2":{"horizontalCenter":42,"source":"ling_png","verticalCenter":46,"$t":"$eI"},"title_3":{"horizontalCenter":116,"source":"jiang_png","verticalCenter":46,"$t":"$eI"},"closeButton":{"right":37,"scaleX":1,"scaleY":1,"top":138,"x":531,"y":366,"$t":"how.Button","skinName":"MoreGameSkin$Skin10"},"_Image3":{"left":37,"source":"newIdiom_json.fu","top":138,"$t":"$eI"},"_Animator1":{"left":60,"scaleX":1,"scaleY":1,"source":"jinbangtiming","touchChildren":false,"touchEnabled":false,"y":336.5,"$t":"how.Animator"},"_Animator2":{"right":62,"scaleX":1,"scaleY":1,"source":"jinbangtiming","touchChildren":false,"touchEnabled":false,"width":0,"y":336.5,"$t":"how.Animator"},"$sP":["gameList","title_0","title_1","title_2","title_3","closeButton","container"],"$sC":"$eSk"},"MoreGameSkin$Skin10":{"$bs":{"$eleC":["_Image1","labelDisplay"]},"_Image1":{"percentHeight":100,"source":"close","percentWidth":100,"$t":"$eI"},"labelDisplay":{"horizontalCenter":0,"verticalCenter":0,"$t":"$eL"},"$sP":["labelDisplay"],"$s":{"up":{},"down":{},"disabled":{}},"$sC":"$eSk"},"RankSkin":{"$path":"resource/skins/RankSkin.exml","$bs":{"height":537,"width":445,"$eleC":["_Group3","_Animator1","_Animator2"]},"_Group3":{"anchorOffsetX":0,"anchorOffsetY":0,"bottom":0,"left":0,"right":0,"top":0,"$t":"$eG","$eleC":["_Image1","_Group1","rankGroup","_Group2","btn_right","btn_left"]},"_Image1":{"bottom":0,"left":0,"right":0,"scaleX":1,"scaleY":1,"source":"newIdiom_json.bg","top":0,"x":-59.00000000000001,"y":-594,"$t":"$eI"},"_Group1":{"bottom":0,"left":0,"right":0,"top":0,"$t":"$eG","layout":"_VerticalLayout1","$eleC":["_Image2","_Image3","_Image4","_Image5","_Image6"]},"_VerticalLayout1":{"gap":6,"horizontalAlign":"center","paddingTop":33,"$t":"$eVL"},"_Image2":{"horizontalCenter":0,"scaleX":1,"scaleY":1,"source":"newIdiom_json.rankBg","y":52,"$t":"$eI"},"_Image3":{"horizontalCenter":0,"scaleX":1,"scaleY":1,"source":"newIdiom_json.rankBg","y":52,"$t":"$eI"},"_Image4":{"horizontalCenter":0,"scaleX":1,"scaleY":1,"source":"newIdiom_json.rankBg","y":52,"$t":"$eI"},"_Image5":{"horizontalCenter":0,"scaleX":1,"scaleY":1,"source":"newIdiom_json.rankBg","y":52,"$t":"$eI"},"_Image6":{"horizontalCenter":0,"scaleX":1,"scaleY":1,"source":"newIdiom_json.rankBg","y":52,"$t":"$eI"},"rankGroup":{"anchorOffsetX":0,"anchorOffsetY":0,"height":1136,"horizontalCenter":0,"verticalCenter":0,"width":640,"$t":"$eG"},"_Group2":{"height":173,"horizontalCenter":0,"top":-126,"width":578,"$t":"$eG","$eleC":["_Image7","title_0","title_1","title_2","title_3","buttonClose","_Image8"]},"_Image7":{"horizontalCenter":0,"scaleX":1,"scaleY":1,"source":"newIdiom_json.eaves","verticalCenter":0,"$t":"$eI"},"title_0":{"horizontalCenter":-108.8,"source":"newIdiom_json.jin","verticalCenter":32,"$t":"$eI"},"title_1":{"horizontalCenter":-37,"source":"newIdiom_json.bang","verticalCenter":32,"$t":"$eI"},"title_2":{"horizontalCenter":37,"source":"newIdiom_json.ti","verticalCenter":32,"$t":"$eI"},"title_3":{"horizontalCenter":111,"source":"newIdiom_json.ming","verticalCenter":32,"$t":"$eI"},"buttonClose":{"right":42,"scaleX":1,"scaleY":1,"source":"newIdiom_json.close","top":124,"x":508,"y":36,"$t":"$eI"},"_Image8":{"left":42,"scaleX":1,"scaleY":1,"source":"newIdiom_json.fu","top":124,"y":46,"$t":"$eI"},"btn_right":{"right":-26,"scaleX":-1,"source":"newIdiom_json.roundNext","verticalCenter":0,"$t":"$eI"},"btn_left":{"source":"newIdiom_json.roundNext","verticalCenter":0,"x":-26,"$t":"$eI"},"_Animator1":{"left":0,"source":"jinbangtiming","touchChildren":false,"touchEnabled":false,"y":192,"$t":"how.Animator"},"_Animator2":{"right":0,"source":"jinbangtiming","touchChildren":false,"touchEnabled":false,"y":192,"$t":"how.Animator"},"$sP":["rankGroup","title_0","title_1","title_2","title_3","buttonClose","btn_right","btn_left"],"$sC":"$eSk"},"RedBagSkin":{"$path":"resource/skins/RedBagSkin.exml","$bs":{"height":820,"width":578,"$eleC":["viewStack"]},"viewStack":{"bottom":0,"left":0,"right":0,"top":0,"$t":"$eV","$eleC":["bg1","bg2","bg3"]},"bg1":{"bottom":0,"left":0,"right":0,"scaleX":1,"scaleY":1,"top":0,"x":0,"y":0,"$t":"$eG","$eleC":["_Rect1","_Image1","_Label1","_Label2","_Label3","label_banner","red_open","openRed","button_init"]},"_Rect1":{"bottom":0,"ellipseHeight":80,"ellipseWidth":80,"fillColor":10960176,"left":0,"right":0,"top":0,"$t":"$eR"},"_Image1":{"height":538.88,"left":0,"right":0,"source":"red_png","top":0,"$t":"$eI"},"_Label1":{"horizontalCenter":0,"size":36,"text":"我爱猜字","textAlign":"center","verticalAlign":"middle","y":180,"$t":"$eL"},"_Label2":{"horizontalCenter":0,"size":30,"text":"奖励你一波红包","textAlign":"center","verticalAlign":"middle","y":228,"$t":"$eL"},"_Label3":{"horizontalCenter":0,"size":48,"text":"好好学习，天天向上！","textAlign":"center","verticalAlign":"middle","y":279,"$t":"$eL"},"label_banner":{"height":47,"horizontalCenter":0,"width":424,"y":379,"$t":"$eG","$eleC":["_Rect2","_Label4"]},"_Rect2":{"bottom":0,"fillColor":16438871,"left":0,"right":0,"scaleX":1,"scaleY":1,"top":0,"$t":"$eR"},"_Label4":{"backgroundColor":131072,"bold":true,"horizontalCenter":0,"scaleX":1,"scaleY":1,"size":32,"text":"点击下方图片后可打开红包","textAlign":"center","textColor":0,"verticalAlign":"middle","verticalCenter":0,"x":0,"$t":"$eL"},"red_open":{"height":232,"horizontalCenter":0,"scaleX":0.7,"scaleY":0.7,"width":231,"y":462,"$t":"$eG","$eleC":["_Image2","bg1_video"]},"_Image2":{"horizontalCenter":0,"scaleX":1,"scaleY":1,"source":"redOpen_png","verticalCenter":0,"$t":"$eI"},"bg1_video":{"horizontalCenter":0,"scaleX":1,"scaleY":1,"source":"videoIcon_png","x":102,"y":174,"$t":"$eI"},"openRed":{"bottom":0,"left":0,"right":0,"top":0,"$t":"$eG","$eleC":["btn_close1"]},"btn_close1":{"right":14,"size":56,"text":"x","textAlign":"center","textColor":0,"top":13,"verticalAlign":"middle","$t":"$eL"},"button_init":{"anchorOffsetX":0,"anchorOffsetY":0,"height":38.67,"horizontalCenter":0,"width":444,"y":758,"$t":"$eG","$eleC":["_Label5"]},"_Label5":{"bold":true,"horizontalCenter":0,"scaleX":1,"scaleY":1,"size":26,"text":"如果领取失败，请点击此处刷新图片","textColor":0,"verticalCenter":0,"$t":"$eL"},"bg2":{"bottom":0,"left":0,"right":0,"scaleX":1,"scaleY":1,"top":0,"x":0,"y":0,"$t":"$eG","$eleC":["_Rect3","_Image3","_Group1","_Label6","bg2_getMoney","bg2_share","btn_close2"]},"_Rect3":{"bottom":0,"ellipseHeight":80,"ellipseWidth":80,"fillColor":16777215,"left":0,"right":0,"scaleX":1,"scaleY":1,"top":0,"$t":"$eR"},"_Image3":{"height":129,"left":0,"right":0,"source":"red1_png","top":0,"$t":"$eI"},"_Group1":{"height":84,"horizontalCenter":0,"scaleX":1,"scaleY":1,"width":354,"y":83,"$t":"$eG","$eleC":["_Rect4","_Rect5","bg2_hadMoney"]},"_Rect4":{"bottom":0,"fillColor":10634554,"left":0,"right":0,"top":0,"$t":"$eR"},"_Rect5":{"bottom":3,"fillColor":14545919,"left":3,"right":3,"top":3,"$t":"$eR"},"bg2_hadMoney":{"anchorOffsetX":0,"horizontalCenter":0,"size":42,"text":"红包余额0元","textAlign":"center","textColor":14307906,"verticalAlign":"middle","verticalCenter":0,"width":343.33,"$t":"$eL"},"_Label6":{"anchorOffsetX":0,"horizontalCenter":0,"size":60,"text":"恭喜您获得","textAlign":"center","textColor":14456863,"verticalAlign":"middle","width":300,"y":228,"$t":"$eL"},"bg2_getMoney":{"anchorOffsetX":0,"horizontalCenter":0,"size":100,"text":"￥0.00","textAlign":"center","textColor":4867593,"verticalAlign":"middle","width":501,"y":354,"$t":"$eL"},"bg2_share":{"height":70,"horizontalCenter":0,"width":260,"y":654,"$t":"$eG","$eleC":["_Image4","bg2_video","_Label7"]},"_Image4":{"bottom":0,"left":0,"right":0,"source":"greenButtn_png","top":0,"$t":"$eI"},"bg2_video":{"height":27,"source":"videoIcon_png","verticalCenter":-3,"width":27,"x":12,"$t":"$eI"},"_Label7":{"size":36,"text":"存入余额","verticalCenter":0,"x":58,"$t":"$eL"},"btn_close2":{"right":14,"scaleX":1,"scaleY":1,"size":56,"text":"x","textAlign":"center","textColor":0,"top":13,"verticalAlign":"middle","x":536,"y":13,"$t":"$eL"},"bg3":{"bottom":0,"left":0,"right":0,"scaleX":1,"scaleY":1,"top":0,"x":0,"y":0,"$t":"$eG","$eleC":["_Rect6","_Rect7","_Group2","_Label9","bg3_hadMoney","bg3_over","_Label11","bg3_noMoney","btn_close3"]},"_Rect6":{"bottom":0,"ellipseHeight":35,"ellipseWidth":35,"fillColor":16777215,"left":0,"right":0,"top":0,"$t":"$eR"},"_Rect7":{"bottom":10,"ellipseHeight":20,"ellipseWidth":20,"fillColor":14307906,"height":708,"left":10,"right":10,"$t":"$eR"},"_Group2":{"height":180,"horizontalCenter":0,"width":180,"y":182,"$t":"$eG","$eleC":["_Rect8","_Label8"]},"_Rect8":{"bottom":0,"ellipseHeight":180,"ellipseWidth":180,"fillColor":15913554,"left":0,"right":0,"top":0,"$t":"$eR"},"_Label8":{"horizontalCenter":0,"size":150,"text":"￥","textColor":11174207,"verticalCenter":5,"$t":"$eL"},"_Label9":{"horizontalCenter":0,"scaleX":1,"scaleY":1,"size":36,"text":"我的红包","textColor":15527147,"x":214,"y":403,"$t":"$eL"},"bg3_hadMoney":{"horizontalCenter":0,"scaleX":1,"scaleY":1,"size":48,"text":"￥0.00","textAlign":"center","textColor":16707332,"verticalAlign":"middle","width":322,"y":468,"$t":"$eL"},"bg3_over":{"height":82,"horizontalCenter":0,"width":380,"y":578,"$t":"$eG","$eleC":["_Image5","_Label10","bg3_video"]},"_Image5":{"bottom":0,"left":0,"right":0,"source":"greenButtn_png","top":0,"$t":"$eI"},"_Label10":{"horizontalCenter":0,"size":48,"text":"确定提现","verticalCenter":0,"$t":"$eL"},"bg3_video":{"source":"videoIcon_png","x":49,"y":28,"$t":"$eI"},"_Label11":{"horizontalCenter":0,"size":24,"text":"最低提现额度为30元","textColor":14540252,"y":688,"$t":"$eL"},"bg3_noMoney":{"anchorOffsetX":0,"bold":true,"horizontalCenter":0,"size":33,"text":"提现余额不足，快去对战领红包吧！","textAlign":"center","textColor":6294530,"verticalAlign":"middle","visible":false,"width":544,"y":735,"$t":"$eL"},"btn_close3":{"right":14,"scaleX":1,"scaleY":1,"size":56,"text":"x","textAlign":"center","textColor":0,"top":13,"verticalAlign":"middle","x":536,"y":13,"$t":"$eL"},"$sP":["label_banner","bg1_video","red_open","btn_close1","openRed","button_init","bg1","bg2_hadMoney","bg2_getMoney","bg2_video","bg2_share","btn_close2","bg2","bg3_hadMoney","bg3_video","bg3_over","bg3_noMoney","btn_close3","bg3","viewStack"],"$sC":"$eSk"},"ResultSkin":{"$path":"resource/skins/ResultSkin.exml","$bs":{"height":537,"width":445,"$eleC":["_Group3","animator0","animator1","btn_left","btn_right"]},"_Group3":{"horizontalCenter":0,"verticalCenter":0,"$t":"$eG","$eleC":["_Image1","titleLabel","_Group1","titleIcon","_Scroller1"]},"_Image1":{"scaleX":1,"scaleY":1,"source":"newIdiom_json.bg","x":0,"y":0,"$t":"$eI"},"titleLabel":{"bold":true,"horizontalCenter":0.5,"scaleX":1,"scaleY":1,"size":40,"text":"恭喜过关","textColor":15553595,"verticalCenter":-127.5,"x":141,"$t":"$eL"},"_Group1":{"horizontalCenter":0,"scaleX":1,"scaleY":1,"x":156,"y":184,"$t":"$eG","layout":"_HorizontalLayout1","$eleC":["levelField","levelValue"]},"_HorizontalLayout1":{"gap":0,"$t":"$eHL"},"levelField":{"bold":true,"horizontalCenter":-28,"scaleX":1,"scaleY":1,"size":30,"text":"等级:","textColor":13733422,"verticalCenter":-70,"x":-64,"y":0,"$t":"$eL"},"levelValue":{"bold":true,"scaleX":1,"scaleY":1,"size":30,"text":"童生","textColor":15549758,"verticalCenter":-70,"x":5,"y":0,"$t":"$eL"},"titleIcon":{"horizontalCenter":0,"scaleX":1,"scaleY":1,"source":"newIdiom_json.right","x":120,"y":28,"$t":"$eI"},"_Scroller1":{"height":259,"horizontalCenter":0,"scaleX":1,"scaleY":1,"width":392,"x":27,"y":237,"$t":"$eS","viewport":"_Group2"},"_Group2":{"$t":"$eG","$eleC":["gameList"]},"gameList":{"percentWidth":100,"x":0,"y":0,"$t":"$eLs","itemRendererSkinName":"ResultSkin$Skin11","layout":"_TileLayout1","dataProvider":"_ArrayCollection1"},"_TileLayout1":{"horizontalGap":13,"paddingLeft":19,"paddingTop":13,"verticalGap":11,"$t":"$eTL"},"_ArrayCollection1":{"$t":"eui.ArrayCollection","source":["_Object1"]},"_Object1":{"appId":"wx95e8c3e07555e6fb","gameUrl":"pages/index/index?ald_media_id=10576&ald_link_key=092af8b21a27edc9","name":"珍图籍","source":"zhentuji_png","$t":"Object"},"animator0":{"autoPlay":false,"left":0,"scaleX":1,"scaleY":1,"source":"daduijiemian","touchChildren":false,"touchEnabled":false,"verticalCenter":-395,"$t":"how.Animator"},"animator1":{"autoPlay":false,"right":0,"scaleX":-1,"scaleY":1,"source":"daduijiemian","touchChildren":false,"touchEnabled":false,"verticalCenter":-395,"$t":"how.Animator"},"btn_left":{"horizontalCenter":-132,"label":"","verticalCenter":316,"$t":"$eB","skinName":"ResultSkin$Skin12"},"btn_right":{"horizontalCenter":132,"label":"","verticalCenter":316,"$t":"$eB","skinName":"ResultSkin$Skin13"},"$sP":["titleLabel","levelField","levelValue","titleIcon","gameList","animator0","animator1","btn_left","btn_right"],"$sC":"$eSk"},"ResultSkin$Skin11":{"$bs":{"height":110,"width":110,"$eleC":["_Rect1","otherGame0"]},"_Rect1":{"bottom":0,"ellipseWidth":27,"fillColor":16777215,"left":0,"right":0,"top":0,"$t":"$eR"},"otherGame0":{"height":100,"horizontalCenter":0,"source":"","verticalCenter":0,"width":100,"$t":"$eI"},"$sP":["otherGame0"],"$b":[{"$bd":["hostComponent.data.source"],"$bt":"otherGame0","$bp":"source"}],"$sC":"$eSk"},"ResultSkin$Skin12":{"$bs":{"height":80,"width":235,"$eleC":["_Image1","labelIcon"]},"_Image1":{"bottom":0,"left":0,"right":0,"source":"newIdiom_json.showAnswerButtn","top":0,"$t":"$eI"},"labelIcon":{"horizontalCenter":0,"source":"newIdiom_json.shareFriend","verticalCenter":0,"$t":"$eI"},"$sP":["labelIcon"],"$sC":"$eSk"},"ResultSkin$Skin13":{"$bs":{"height":80,"width":235,"$eleC":["_Image1","labelIcon","shareVideo"]},"_Image1":{"bottom":0,"left":0,"right":0,"scaleX":1,"scaleY":1,"source":"newIdiom_json.netxButtn","top":0,"$t":"$eI"},"labelIcon":{"horizontalCenter":0,"source":"newIdiom_json.nextWord","verticalCenter":0,"$t":"$eI"},"shareVideo":{"source":"videoIcon_png","verticalCenter":0,"x":41,"$t":"$eI"},"$sP":["labelIcon","shareVideo"],"$sC":"$eSk"},"UnlockSkin":{"$path":"resource/skins/UnlockSkin.exml","$bs":{"height":537,"width":445,"$eleC":["main","button_share","_Animator1","closeButton"]},"main":{"bottom":0,"left":0,"right":0,"top":0,"$t":"$eG","$eleC":["_Image1","_Label1","label_roundNumber","_Image2","_Image3"]},"_Image1":{"bottom":0,"left":0,"right":0,"source":"newIdiom_json.bg","top":0,"$t":"$eI"},"_Label1":{"horizontalCenter":-37,"size":36,"text":"解锁：","textColor":9394202,"verticalCenter":126,"$t":"$eL"},"label_roundNumber":{"height":30,"horizontalCenter":46,"size":30,"text":"第6关","textAlign":"center","textColor":9394202,"verticalAlign":"middle","verticalCenter":126,"width":106,"$t":"$eL"},"_Image2":{"horizontalCenter":0,"source":"newIdiom_json.unlock","y":160,"$t":"$eI"},"_Image3":{"horizontalCenter":0,"source":"newIdiom_json.congratulations","y":257,"$t":"$eI"},"button_share":{"height":80,"horizontalCenter":0,"verticalCenter":316,"width":235,"$t":"$eG","$eleC":["_Image4","_Image5"]},"_Image4":{"bottom":0,"left":0,"right":0,"source":"newIdiom_json.netxButtn","top":0,"$t":"$eI"},"_Image5":{"horizontalCenter":0,"source":"newIdiom_json.sharePk","verticalCenter":0,"$t":"$eI"},"_Animator1":{"horizontalCenter":0,"source":"qiuzhuchenggong","touchChildren":false,"touchEnabled":false,"y":140,"$t":"how.Animator"},"closeButton":{"right":-24,"top":12,"$t":"how.Button","skinName":"UnlockSkin$Skin14"},"$sP":["label_roundNumber","main","button_share","closeButton"],"$sC":"$eSk"},"UnlockSkin$Skin14":{"$bs":{"$eleC":["_Image1","labelDisplay"]},"_Image1":{"percentHeight":100,"source":"close","percentWidth":100,"$t":"$eI"},"labelDisplay":{"horizontalCenter":0,"verticalCenter":0,"$t":"$eL"},"$sP":["labelDisplay"],"$s":{"up":{},"down":{},"disabled":{}},"$sC":"$eSk"}}